paged_scope	scope_evidence	match	transition	base_site	base_function	base_ordinal	base_header	base_ledger	head_site	head_function	head_ordinal	head_header	head_ledger
Paged function scope	signature owns Paged: Context	same function/header	still permitted	renderer/layout/boundary.wf:311	boundary_ranks	1	for (b in 0_u64..blocks) {	permitted: eligible; no accumulator	renderer/layout/boundary.wf:311	boundary_ranks	1	for (b in 0_u64..blocks) {	permitted: eligible; no accumulator
Paged function scope	signature owns Paged: Context	same function/header	still permitted	renderer/layout/boundary.wf:315	boundary_ranks	2	for (p in 0_u64..paragraphs) {	permitted: eligible; no accumulator	renderer/layout/boundary.wf:315	boundary_ranks	2	for (p in 0_u64..paragraphs) {	permitted: eligible; no accumulator
Paged function scope	signature owns Paged: Context	same function/header	still permitted	renderer/layout/boundary.wf:319	boundary_ranks	3	for (c in 0_u64..children) {	permitted: eligible; no accumulator	renderer/layout/boundary.wf:319	boundary_ranks	3	for (c in 0_u64..children) {	permitted: eligible; no accumulator
Paged function scope	signature owns Paged: EntryStorage	explicit: The old store_reduction inner cell loop and new flat context-pool loop both publish live slots' own/total reductions selected through boundary_event_rank; outer directory loop disappears.	still denied	renderer/layout/boundary.wf:387	store_reduction	2	for (at in 0_u64..length) {	denied: condition 2: the body writes storage that is neither introduced by the iteration nor the accumulator, at set node_page^.inner[at].own = reduced^[rank].own;	renderer/layout/boundary.wf:364	store_reduction	1	for (s in 0_u64..storage^.links.inner.len) {	denied: condition 2: the body writes storage that is neither introduced by the iteration nor the accumulator, at set storage^.own.inner[s] = reduced^[rank].own;
baseline only		unmatched: deleted/new or changed header; inspect before classifying	unmatched; classify source change	renderer/layout/boundary.wf:373	store_reduction	1	for (page in 0_u64..count) {	denied: condition 2: the body writes storage that is neither introduced by the iteration nor the accumulator, at set node_page^.inner[at].own = reduced^[rank].own;					
Paged function scope	signature owns Paged: Context	same function/header	still permitted	renderer/layout/boundary.wf:433	publish_boundaries	1	for (at in 0_u64..count) {	permitted: eligible; no accumulator	renderer/layout/boundary.wf:399	publish_boundaries	1	for (at in 0_u64..count) {	permitted: eligible; no accumulator
Paged function scope	signature owns Paged: Context	same function/header	still denied	renderer/layout/boundary.wf:442	publish_boundaries	2	for (at in 0_u64..blocks) {	denied: condition 2: the body writes storage that is neither introduced by the iteration nor the accumulator, at &context^.blocks.inner[at]	renderer/layout/boundary.wf:408	publish_boundaries	2	for (at in 0_u64..blocks) {	denied: condition 2: the body writes storage that is neither introduced by the iteration nor the accumulator, at &context^.blocks.inner[at]
Paged function scope	signature owns Paged: EntryStorage	same function/header	still denied	renderer/layout/boundary.wf:588	boundary_set	1	for (level in 0_u64..64_u64) {	denied: condition 1: the loop writes storage outliving the iteration that no exactly associative operation reduces, at set cursor = current.parent;	renderer/layout/boundary.wf:554	boundary_set	1	for (level in 0_u64..64_u64) {	denied: condition 1: the loop writes storage outliving the iteration that no exactly associative operation reduces, at set cursor = current.parent;
Paged function scope	signature owns Paged: EntryStorage	same function/header	still denied	renderer/layout/boundary.wf:623	boundary_rank	1	for (level in 0_u64..64_u64) {	denied: condition 1: the loop writes storage outliving the iteration that no exactly associative operation reduces, at set rank = rank +sat increment;	renderer/layout/boundary.wf:589	boundary_rank	1	for (level in 0_u64..64_u64) {	denied: condition 1: the loop writes storage outliving the iteration that no exactly associative operation reduces, at set rank = rank +sat increment;
Paged function scope	signature owns Paged: EntryStorage	same function/header	still denied	renderer/layout/boundary.wf:650	boundary_sequence_update	1	for (at in 0_u64..count) {	denied: condition 2: the body writes storage that is neither introduced by the iteration nor the accumulator, at set visits^.entries = visits^.entries +sat 1_u64;	renderer/layout/boundary.wf:616	boundary_sequence_update	1	for (at in 0_u64..count) {	denied: condition 2: the body writes storage that is neither introduced by the iteration nor the accumulator, at set visits^.entries = visits^.entries +sat 1_u64;
Paged function scope	signature owns Paged: Context	same function/header	still denied	renderer/layout/boundary.wf:713	boundary_owner_update	1	for (position in 0_u64..count) {	denied: condition 2: the body writes storage that is neither introduced by the iteration nor the accumulator, at context	renderer/layout/boundary.wf:679	boundary_owner_update	1	for (position in 0_u64..count) {	denied: condition 2: the body writes storage that is neither introduced by the iteration nor the accumulator, at context
Paged function scope	signature owns Paged: Context	same function/header	still denied	renderer/layout/boundary.wf:725	boundary_path_ready	1	for (level in 0_u64..limit) {	denied: condition 1: the loop writes storage outliving the iteration that no exactly associative operation reduces, at set marked_seen = True();	renderer/layout/boundary.wf:691	boundary_path_ready	1	for (level in 0_u64..limit) {	denied: condition 1: the loop writes storage outliving the iteration that no exactly associative operation reduces, at set marked_seen = True();
Paged function scope	signature owns Paged: Context	same function/header	still denied	renderer/layout/boundary.wf:808	propagate_boundary	1	for (level in 0_u64..limit) {	denied: condition 1: the loop writes storage outliving the iteration that no exactly associative operation reduces, at set changed = context^.blocks.inner[at].entry_slot;	renderer/layout/boundary.wf:774	propagate_boundary	1	for (level in 0_u64..limit) {	denied: condition 1: the loop writes storage outliving the iteration that no exactly associative operation reduces, at set changed = context^.blocks.inner[at].entry_slot;
other loop; included for completeness		same function/header; duplicate order	still denied	renderer/layout/boundary_checks.wf:57	boundary_transfer_check	1	for (a in 0_u64..4_u64) {	denied: condition 4: a return leaves the loop	renderer/layout/boundary_checks.wf:57	boundary_transfer_check	1	for (a in 0_u64..4_u64) {	denied: condition 4: a return leaves the loop
other loop; included for completeness		same function/header; duplicate order	still denied	renderer/layout/boundary_checks.wf:58	boundary_transfer_check	2	for (b in 0_u64..4_u64) {	denied: condition 4: a return leaves the loop	renderer/layout/boundary_checks.wf:58	boundary_transfer_check	2	for (b in 0_u64..4_u64) {	denied: condition 4: a return leaves the loop
other loop; included for completeness		same function/header; duplicate order	still denied	renderer/layout/boundary_checks.wf:59	boundary_transfer_check	3	for (c in 0_u64..4_u64) {	denied: condition 4: a return leaves the loop	renderer/layout/boundary_checks.wf:59	boundary_transfer_check	3	for (c in 0_u64..4_u64) {	denied: condition 4: a return leaves the loop
other loop; included for completeness		same function/header; duplicate order	still denied	renderer/layout/boundary_checks.wf:72	boundary_transfer_check	4	for (p in 0_u64..3_u64) {	denied: condition 4: a return leaves the loop	renderer/layout/boundary_checks.wf:72	boundary_transfer_check	4	for (p in 0_u64..3_u64) {	denied: condition 4: a return leaves the loop
other loop; included for completeness		same function/header; duplicate order	still denied	renderer/layout/boundary_checks.wf:73	boundary_transfer_check	5	for (n in 0_u64..3_u64) {	denied: condition 4: a return leaves the loop	renderer/layout/boundary_checks.wf:73	boundary_transfer_check	5	for (n in 0_u64..3_u64) {	denied: condition 4: a return leaves the loop
Paged function scope	signature owns Paged: Context	same function/header	still denied	renderer/layout/box.wf:519	lay_out_context	1	for (step in 0_u64..cleared) {	denied: condition 2: the body writes storage that is neither introduced by the iteration nor the accumulator, at &context^.fragments.inner	renderer/layout/box.wf:519	lay_out_context	1	for (step in 0_u64..cleared) {	denied: condition 2: the body writes storage that is neither introduced by the iteration nor the accumulator, at &context^.fragments.inner
Paged function scope	signature owns Paged: Context	same function/header	still denied	renderer/layout/build.wf:247	emit_begins	1	for (k in begun..open_count) {	denied: condition 4: a propagate leaves the loop	renderer/layout/build.wf:257	emit_begins	1	for (k in begun..open_count) {	denied: condition 4: a propagate leaves the loop
Paged function scope	signature owns Paged: Context	same function/header	still denied	renderer/layout/build.wf:278	end_paragraph	1	for (step in 0_u64..closing) {	denied: condition 4: a propagate leaves the loop	renderer/layout/build.wf:288	end_paragraph	1	for (step in 0_u64..closing) {	denied: condition 4: a propagate leaves the loop
other loop; included for completeness		same function/header; duplicate order	still denied	renderer/layout/build.wf:380	stash_inlines	1	for (k in 0_u64..count) {	denied: condition 2: the body writes storage that is neither introduced by the iteration nor the accumulator, at &saved	renderer/layout/build.wf:390	stash_inlines	1	for (k in 0_u64..count) {	denied: condition 2: the body writes storage that is neither introduced by the iteration nor the accumulator, at &saved
other loop; included for completeness		same function/header; duplicate order	still denied	renderer/layout/build.wf:384	stash_inlines	2	for (step in 0_u64..count) {	denied: condition 2: the body writes storage that is neither introduced by the iteration nor the accumulator, at &open^.inlines.inner	renderer/layout/build.wf:394	stash_inlines	2	for (step in 0_u64..count) {	denied: condition 2: the body writes storage that is neither introduced by the iteration nor the accumulator, at &open^.inlines.inner
other loop; included for completeness		same function/header	still denied	renderer/layout/build.wf:398	restore_inlines	1	for (k in 0_u64..count) {	denied: condition 2: the body writes storage that is neither introduced by the iteration nor the accumulator, at &open^.inlines	renderer/layout/build.wf:408	restore_inlines	1	for (k in 0_u64..count) {	denied: condition 2: the body writes storage that is neither introduced by the iteration nor the accumulator, at &open^.inlines
Paged function scope	signature owns Paged: Context	same function/header	still denied	renderer/layout/build.wf:416	open_splits	1	for (k in 0_u64..count) {	denied: condition 2: the body writes storage that is neither introduced by the iteration nor the accumulator, at &context^.splits	renderer/layout/build.wf:426	open_splits	1	for (k in 0_u64..count) {	denied: condition 2: the body writes storage that is neither introduced by the iteration nor the accumulator, at &context^.splits
Paged function scope	signature owns Paged: Context	same function/header	still denied	renderer/layout/build.wf:437	close_splits	1	for (k in first..end) {	denied: condition 2: the body writes storage that is neither introduced by the iteration nor the accumulator, at set context^.splits.inner[k].close = at;	renderer/layout/build.wf:447	close_splits	1	for (k in first..end) {	denied: condition 2: the body writes storage that is neither introduced by the iteration nor the accumulator, at set context^.splits.inner[k].close = at;
other loop; included for completeness		same function/header	still denied	renderer/layout/build.wf:472	pseudo_index	1	for (step in 0_u64..64_u64) {	denied: condition 1: the loop writes storage outliving the iteration that no exactly associative operation reduces, at set low = middle +sat 1_u64;	renderer/layout/build.wf:482	pseudo_index	1	for (step in 0_u64..64_u64) {	denied: condition 1: the loop writes storage outliving the iteration that no exactly associative operation reduces, at set low = middle +sat 1_u64;
other loop; included for completeness		same function/header	still denied	renderer/layout/build.wf:518	find_counter	1	for (step in 0_u64..count) {	denied: condition 4: a return leaves the loop	renderer/layout/build.wf:528	find_counter	1	for (step in 0_u64..count) {	denied: condition 4: a return leaves the loop
other loop; included for completeness		same function/header; duplicate order	still denied	renderer/layout/build.wf:587	apply_counters	1	for (k in low..high) {	denied: condition 4: a propagate leaves the loop	renderer/layout/build.wf:597	apply_counters	1	for (k in low..high) {	denied: condition 4: a propagate leaves the loop
other loop; included for completeness		same function/header; duplicate order	still denied	renderer/layout/build.wf:599	apply_counters	2	for (k in low..high) {	denied: condition 2: the body writes storage that is neither introduced by the iteration nor the accumulator, at set walk^.counters.inner[at].value = change.value;	renderer/layout/build.wf:609	apply_counters	2	for (k in low..high) {	denied: condition 2: the body writes storage that is neither introduced by the iteration nor the accumulator, at set walk^.counters.inner[at].value = change.value;
other loop; included for completeness		same function/header; duplicate order	still denied	renderer/layout/build.wf:621	apply_counters	3	for (k in low..high) {	denied: condition 4: a propagate leaves the loop	renderer/layout/build.wf:631	apply_counters	3	for (k in low..high) {	denied: condition 4: a propagate leaves the loop
other loop; included for completeness		same function/header	still denied	renderer/layout/build.wf:658	leave_scope	1	for (step in 0_u64..count) {	denied: condition 2: the body writes storage that is neither introduced by the iteration nor the accumulator, at &walk^.counters.inner	renderer/layout/build.wf:668	leave_scope	1	for (step in 0_u64..count) {	denied: condition 2: the body writes storage that is neither introduced by the iteration nor the accumulator, at &walk^.counters.inner
other loop; included for completeness		same function/header	still denied	renderer/layout/build.wf:689	atom_is	1	for (k in 0_u64..length) {	denied: condition 4: a return leaves the loop	renderer/layout/build.wf:699	atom_is	1	for (k in 0_u64..length) {	denied: condition 4: a return leaves the loop
other loop; included for completeness		same function/header	still denied	renderer/layout/build.wf:715	attribute_of	1	for (k in 0_u64..total) {	denied: condition 4: a return leaves the loop	renderer/layout/build.wf:725	attribute_of	1	for (k in 0_u64..total) {	denied: condition 4: a return leaves the loop
other loop; included for completeness		same function/header	still denied	renderer/layout/build.wf:757	push_digits	1	for (k in 0_u64..20_u64) {	denied: condition 1: the loop writes storage outliving the iteration that no exactly associative operation reduces, at set count = k +sat 1_u64;	renderer/layout/build.wf:767	push_digits	1	for (k in 0_u64..20_u64) {	denied: condition 1: the loop writes storage outliving the iteration that no exactly associative operation reduces, at set count = k +sat 1_u64;
other loop; included for completeness		same function/header	still denied	renderer/layout/build.wf:769	push_digits	2	for (step in 0_u64..bounded) {	denied: condition 2: the body writes storage that is neither introduced by the iteration nor the accumulator, at out	renderer/layout/build.wf:779	push_digits	2	for (step in 0_u64..bounded) {	denied: condition 2: the body writes storage that is neither introduced by the iteration nor the accumulator, at out
other loop; included for completeness		same function/header	still denied	renderer/layout/build.wf:783	push_roman	1	for (k in 0_u64..13_u64) {	denied: condition 1: the loop writes storage outliving the iteration that no exactly associative operation reduces, at set rest = rest - size;	renderer/layout/build.wf:793	push_roman	1	for (k in 0_u64..13_u64) {	denied: condition 1: the loop writes storage outliving the iteration that no exactly associative operation reduces, at set rest = rest - size;
other loop; included for completeness		same function/header	still denied	renderer/layout/build.wf:785	push_roman	2	for (repeat in 0_u64..4_u64) {	denied: condition 1: the loop writes storage outliving the iteration that no exactly associative operation reduces, at set rest = rest - size;	renderer/layout/build.wf:795	push_roman	2	for (repeat in 0_u64..4_u64) {	denied: condition 1: the loop writes storage outliving the iteration that no exactly associative operation reduces, at set rest = rest - size;
other loop; included for completeness		same function/header	still denied	renderer/layout/build.wf:817	push_alpha	1	for (k in 0_u64..16_u64) {	denied: condition 1: the loop writes storage outliving the iteration that no exactly associative operation reduces, at set count = k +sat 1_u64;	renderer/layout/build.wf:827	push_alpha	1	for (k in 0_u64..16_u64) {	denied: condition 1: the loop writes storage outliving the iteration that no exactly associative operation reduces, at set count = k +sat 1_u64;
other loop; included for completeness		same function/header	still denied	renderer/layout/build.wf:833	push_alpha	2	for (step in 0_u64..count) {	denied: condition 2: the body writes storage that is neither introduced by the iteration nor the accumulator, at out	renderer/layout/build.wf:843	push_alpha	2	for (step in 0_u64..count) {	denied: condition 2: the body writes storage that is neither introduced by the iteration nor the accumulator, at out
Paged function scope	signature owns Paged: Context	same function/header	still denied	renderer/layout/build.wf:929	add_scalars	1	for (k in 0_u64..count) {	denied: condition 4: a propagate leaves the loop	renderer/layout/build.wf:939	add_scalars	1	for (k in 0_u64..count) {	denied: condition 4: a propagate leaves the loop
Paged function scope	signature owns Paged: Context	same function/header	still denied	renderer/layout/build.wf:1015	add_content	1	for (k in low..high) {	denied: condition 2: the body writes storage that is neither introduced by the iteration nor the accumulator, at set walk^.effects = walk^.effects +sat 1_u64;	renderer/layout/build.wf:1025	add_content	1	for (k in low..high) {	denied: condition 2: the body writes storage that is neither introduced by the iteration nor the accumulator, at set walk^.effects = walk^.effects +sat 1_u64;
Paged function scope	signature owns Paged: Context	same function/header	still denied	renderer/layout/build.wf:1047	add_content	2	for (c in 0_u64..count) {	denied: condition 1: the loop writes storage outliving the iteration that no exactly associative operation reduces, at set shown = shown +sat 1_u64;	renderer/layout/build.wf:1057	add_content	2	for (c in 0_u64..count) {	denied: condition 1: the loop writes storage outliving the iteration that no exactly associative operation reduces, at set shown = shown +sat 1_u64;
other loop; included for completeness		same function/header	still denied	renderer/layout/build.wf:1225	attribute_word	1	for (k in 0_u64..size) {	denied: condition 4: a return leaves the loop	renderer/layout/build.wf:1235	attribute_word	1	for (k in 0_u64..size) {	denied: condition 4: a return leaves the loop
other loop; included for completeness		same function/header	still denied	renderer/layout/build.wf:1261	text_input_type	1	for (k in 0_u64..total) {	denied: condition 1: the loop writes storage outliving the iteration that no exactly associative operation reduces, at set start = k +sat 1_u64;	renderer/layout/build.wf:1271	text_input_type	1	for (k in 0_u64..total) {	denied: condition 1: the loop writes storage outliving the iteration that no exactly associative operation reduces, at set start = k +sat 1_u64;
Paged function scope	signature owns Paged: Context	same function/header	still denied	renderer/layout/build.wf:1578	walk_children	1	for (step in 0_u64..nodes) {	denied: condition 1: the loop writes storage outliving the iteration that no exactly associative operation reduces, at set cursor = document^.nodes.inner[at].links.next_sibling;	renderer/layout/build.wf:1588	walk_children	1	for (step in 0_u64..nodes) {	denied: condition 1: the loop writes storage outliving the iteration that no exactly associative operation reduces, at set cursor = document^.nodes.inner[at].links.next_sibling;
other loop; included for completeness		same function/header	still denied	renderer/layout/build.wf:1850	is_blank	1	for (k in 0_u64..count) {	denied: condition 4: a return leaves the loop	renderer/layout/build.wf:1860	is_blank	1	for (k in 0_u64..count) {	denied: condition 4: a return leaves the loop
Paged function scope	signature owns Paged: Context	same function/header	still denied	renderer/layout/build.wf:1924	build_item_children	1	for (step in 0_u64..nodes) {	denied: condition 1: the loop writes storage outliving the iteration that no exactly associative operation reduces, at set cursor = document^.nodes.inner[at].links.next_sibling;	renderer/layout/build.wf:1934	build_item_children	1	for (step in 0_u64..nodes) {	denied: condition 1: the loop writes storage outliving the iteration that no exactly associative operation reduces, at set cursor = document^.nodes.inner[at].links.next_sibling;
other loop; included for completeness		same function/header	still denied	renderer/layout/build.wf:2031	span_attribute	1	for (k in start..end) {	denied: condition 1: the loop writes storage outliving the iteration that no exactly associative operation reduces, at set leading = False();	renderer/layout/build.wf:2041	span_attribute	1	for (k in start..end) {	denied: condition 1: the loop writes storage outliving the iteration that no exactly associative operation reduces, at set leading = False();
Paged function scope	signature owns Paged: Context	same function/header	still denied	renderer/layout/build.wf:2081	add_columns	1	for (k in 0_u64..total) {	denied: condition 4: a propagate leaves the loop	renderer/layout/build.wf:2091	add_columns	1	for (k in 0_u64..total) {	denied: condition 4: a propagate leaves the loop
Paged function scope	signature owns Paged: Context	same function/header	still denied	renderer/layout/build.wf:2098	add_column_group	1	for (step in 0_u64..nodes) {	denied: condition 1: the loop writes storage outliving the iteration that no exactly associative operation reduces, at set cursor = document^.nodes.inner[at].links.next_sibling;	renderer/layout/build.wf:2108	add_column_group	1	for (step in 0_u64..nodes) {	denied: condition 1: the loop writes storage outliving the iteration that no exactly associative operation reduces, at set cursor = document^.nodes.inner[at].links.next_sibling;
Paged function scope	signature owns Paged: Context	same function/header	still denied	renderer/layout/build.wf:2138	place_cell	1	for (skip in 0_u64..columns) {	denied: condition 1: the loop writes storage outliving the iteration that no exactly associative operation reduces, at set column_here = column_here +sat 1_u64;	renderer/layout/build.wf:2148	place_cell	1	for (skip in 0_u64..columns) {	denied: condition 1: the loop writes storage outliving the iteration that no exactly associative operation reduces, at set column_here = column_here +sat 1_u64;
Paged function scope	signature owns Paged: Context	same function/header	still denied	renderer/layout/build.wf:2167	place_cell	2	for (k in 0_u64..width) {	denied: condition 2: the body writes storage that is neither introduced by the iteration nor the accumulator, at set busy^.inner[target] = free_from;	renderer/layout/build.wf:2177	place_cell	2	for (k in 0_u64..width) {	denied: condition 2: the body writes storage that is neither introduced by the iteration nor the accumulator, at set busy^.inner[target] = free_from;
Paged function scope	signature owns Paged: Context	same function/header	still denied	renderer/layout/build.wf:2173	place_cell	3	for (fill in 0_u64..missing) {	denied: condition 4: a propagate leaves the loop	renderer/layout/build.wf:2183	place_cell	3	for (fill in 0_u64..missing) {	denied: condition 4: a propagate leaves the loop
Paged function scope	signature owns Paged: Context	same function/header	still denied	renderer/layout/build.wf:2207	walk_run	1	for (step in 0_u64..nodes) {	denied: condition 1: the loop writes storage outliving the iteration that no exactly associative operation reduces, at set cursor = document^.nodes.inner[at].links.next_sibling;	renderer/layout/build.wf:2217	walk_run	1	for (step in 0_u64..nodes) {	denied: condition 1: the loop writes storage outliving the iteration that no exactly associative operation reduces, at set cursor = document^.nodes.inner[at].links.next_sibling;
Paged function scope	signature owns Paged: Context	same function/header	still denied	renderer/layout/build.wf:2279	add_anonymous_row	1	for (step in 0_u64..nodes) {	denied: condition 1: the loop writes storage outliving the iteration that no exactly associative operation reduces, at set column = next;	renderer/layout/build.wf:2289	add_anonymous_row	1	for (step in 0_u64..nodes) {	denied: condition 1: the loop writes storage outliving the iteration that no exactly associative operation reduces, at set column = next;
Paged function scope	signature owns Paged: Context	same function/header	still denied	renderer/layout/build.wf:2389	add_row	1	for (step in 0_u64..nodes) {	denied: condition 1: the loop writes storage outliving the iteration that no exactly associative operation reduces, at set cursor = document^.nodes.inner[at].links.next_sibling;	renderer/layout/build.wf:2399	add_row	1	for (step in 0_u64..nodes) {	denied: condition 1: the loop writes storage outliving the iteration that no exactly associative operation reduces, at set cursor = document^.nodes.inner[at].links.next_sibling;
Paged function scope	signature owns Paged: Context	same function/header	still denied	renderer/layout/build.wf:2439	add_group	1	for (step in 0_u64..nodes) {	denied: condition 1: the loop writes storage outliving the iteration that no exactly associative operation reduces, at set cursor = document^.nodes.inner[at].links.next_sibling;	renderer/layout/build.wf:2449	add_group	1	for (step in 0_u64..nodes) {	denied: condition 1: the loop writes storage outliving the iteration that no exactly associative operation reduces, at set cursor = document^.nodes.inner[at].links.next_sibling;
Paged function scope	signature owns Paged: Context	same function/header; duplicate order	still denied	renderer/layout/build.wf:2521	build_table	1	for (step in 0_u64..nodes) {	denied: condition 1: the loop writes storage outliving the iteration that no exactly associative operation reduces, at set scan = document^.nodes.inner[at].links.next_sibling;	renderer/layout/build.wf:2531	build_table	1	for (step in 0_u64..nodes) {	denied: condition 1: the loop writes storage outliving the iteration that no exactly associative operation reduces, at set scan = document^.nodes.inner[at].links.next_sibling;
Paged function scope	signature owns Paged: Context	same function/header; duplicate order	still denied	renderer/layout/build.wf:2564	build_table	2	for (step in 0_u64..nodes) {	denied: condition 1: the loop writes storage outliving the iteration that no exactly associative operation reduces, at set cursor = document^.nodes.inner[at].links.next_sibling;	renderer/layout/build.wf:2574	build_table	2	for (step in 0_u64..nodes) {	denied: condition 1: the loop writes storage outliving the iteration that no exactly associative operation reduces, at set cursor = document^.nodes.inner[at].links.next_sibling;
Paged function scope	signature owns Paged: Context	same function/header	newly denied	renderer/layout/build.wf:2694	finish_tree_sequences	2	for (at in 0_u64..children) {	permitted: eligible; no accumulator	renderer/layout/build.wf:2700	finish_tree_sequences	1	for (at in 0_u64..children) {	denied: condition 4: a propagate leaves the loop
Paged function scope	signature owns Paged: Context	same function/header	still denied	renderer/layout/build.wf:2708	count_tree	1	for (p in 0_u64..slots) {	denied: condition 1: the loop writes storage outliving the iteration that no exactly associative operation reduces, at set paragraphs = paragraphs +sat 1_u64;	renderer/layout/build.wf:2714	count_tree	1	for (p in 0_u64..slots) {	denied: condition 1: the loop writes storage outliving the iteration that no exactly associative operation reduces, at set paragraphs = paragraphs +sat 1_u64;
Paged function scope	signature owns Paged: Context	same function/header	still denied	renderer/layout/build.wf:2715	count_tree	2	for (k in 0_u64..count) {	denied: condition 1: the loop writes storage outliving the iteration that no exactly associative operation reduces, at set contexts = contexts +sat inner_contexts;	renderer/layout/build.wf:2721	count_tree	2	for (k in 0_u64..count) {	denied: condition 1: the loop writes storage outliving the iteration that no exactly associative operation reduces, at set contexts = contexts +sat inner_contexts;
Paged function scope	signature owns Paged: Context,RouteTable	same function/header	still denied	renderer/layout/build.wf:2727	record_units	1	for (p in 0_u64..paragraphs) {	denied: condition 2: the body writes storage that is neither introduced by the iteration nor the accumulator, at listing	renderer/layout/build.wf:2733	record_units	1	for (p in 0_u64..paragraphs) {	denied: condition 2: the body writes storage that is neither introduced by the iteration nor the accumulator, at listing
Paged function scope	signature owns Paged: Context,RouteTable	same function/header	still denied	renderer/layout/build.wf:2733	record_units	2	for (k in 0_u64..count) {	denied: condition 2: the body writes storage that is neither introduced by the iteration nor the accumulator, at listing	renderer/layout/build.wf:2739	record_units	2	for (k in 0_u64..count) {	denied: condition 2: the body writes storage that is neither introduced by the iteration nor the accumulator, at listing
Paged function scope	signature owns Paged: Context,RouteTable	same function/header	still denied	renderer/layout/build.wf:2812	record_tree	1	for (k in 0_u64..children) {	denied: condition 4: a propagate leaves the loop	renderer/layout/build.wf:2818	record_tree	1	for (k in 0_u64..children) {	denied: condition 4: a propagate leaves the loop
Paged function scope	signature owns Paged: Context,RouteTable	same function/header	still denied	renderer/layout/build.wf:2903	record_uses	1	for (i in 0_u64..blocks) {	denied: condition 4: a propagate leaves the loop	renderer/layout/build.wf:2909	record_uses	1	for (i in 0_u64..blocks) {	denied: condition 4: a propagate leaves the loop
Paged function scope	signature owns Paged: Context,RouteTable	same function/header	still denied	renderer/layout/build.wf:2909	record_uses	2	for (i in 0_u64..rows) {	denied: condition 4: a propagate leaves the loop	renderer/layout/build.wf:2915	record_uses	2	for (i in 0_u64..rows) {	denied: condition 4: a propagate leaves the loop
Paged function scope	signature owns Paged: Context,RouteTable	same function/header	still denied	renderer/layout/build.wf:2915	record_uses	3	for (i in 0_u64..columns) {	denied: condition 4: a propagate leaves the loop	renderer/layout/build.wf:2921	record_uses	3	for (i in 0_u64..columns) {	denied: condition 4: a propagate leaves the loop
Paged function scope	signature owns Paged: Context,RouteTable	same function/header	still denied	renderer/layout/build.wf:2923	record_uses	4	for (p in 0_u64..paragraphs) {	denied: condition 4: a propagate leaves the loop	renderer/layout/build.wf:2929	record_uses	4	for (p in 0_u64..paragraphs) {	denied: condition 4: a propagate leaves the loop
Paged function scope	signature owns Paged: Context,RouteTable	same function/header	still denied	renderer/layout/build.wf:2930	record_uses	5	for (k in 0_u64..count) {	denied: condition 4: a propagate leaves the loop	renderer/layout/build.wf:2936	record_uses	5	for (k in 0_u64..count) {	denied: condition 4: a propagate leaves the loop
Paged function scope	signature owns Paged: RouteTable	same function/header	still denied	renderer/layout/build.wf:2949	record_skipped_nodes	1	for (k in 0_u64..count) {	denied: condition 2: the body writes storage that is neither introduced by the iteration nor the accumulator, at listing	renderer/layout/build.wf:2955	record_skipped_nodes	1	for (k in 0_u64..count) {	denied: condition 2: the body writes storage that is neither introduced by the iteration nor the accumulator, at listing
Paged function scope	signature owns Paged: Context	same function/header	still denied	renderer/layout/columns.wf:99	collect_units	1	for (k in 0_u64..flow_count) {	denied: condition 1: the loop writes storage outliving the iteration that no exactly associative operation reduces, at set depth = depth +sat 1_u64;	renderer/layout/columns.wf:99	collect_units	1	for (k in 0_u64..flow_count) {	denied: condition 1: the loop writes storage outliving the iteration that no exactly associative operation reduces, at set depth = depth +sat 1_u64;
Paged function scope	signature owns Paged: Context	same function/header	still denied	renderer/layout/columns.wf:134	collect_units	2	for (l in 0_u64..lines) {	denied: condition 2: the body writes storage that is neither introduced by the iteration nor the accumulator, at pieces_list	renderer/layout/columns.wf:134	collect_units	2	for (l in 0_u64..lines) {	denied: condition 2: the body writes storage that is neither introduced by the iteration nor the accumulator, at pieces_list
Paged function scope	signature owns Paged: Context	same function/header	still denied	renderer/layout/columns.wf:161	collect_units	3	for (r in 0_u64..rows) {	denied: condition 2: the body writes storage that is neither introduced by the iteration nor the accumulator, at pieces_list	renderer/layout/columns.wf:161	collect_units	3	for (r in 0_u64..rows) {	denied: condition 2: the body writes storage that is neither introduced by the iteration nor the accumulator, at pieces_list
other loop; included for completeness		same function/header	still denied	renderer/layout/columns.wf:192	column_shortage	1	for (k in 0_u64..total) {	denied: condition 1: the loop writes storage outliving the iteration that no exactly associative operation reduces, at set count = count +sat 1_i32;	renderer/layout/columns.wf:192	column_shortage	1	for (k in 0_u64..total) {	denied: condition 1: the loop writes storage outliving the iteration that no exactly associative operation reduces, at set count = count +sat 1_i32;
other loop; included for completeness		same function/header	still denied	renderer/layout/columns.wf:220	balanced_height	1	for (step in 0_u64..attempts) {	denied: condition 1: the loop writes storage outliving the iteration that no exactly associative operation reduces, at set height = height +sat stretch;	renderer/layout/columns.wf:220	balanced_height	1	for (step in 0_u64..attempts) {	denied: condition 1: the loop writes storage outliving the iteration that no exactly associative operation reduces, at set height = height +sat stretch;
Paged function scope	signature owns Paged: Context	same function/header	still denied	renderer/layout/columns.wf:247	fragment_columns	1	for (k in 0_u64..total) {	denied: condition 1: the loop writes storage outliving the iteration that no exactly associative operation reduces, at set column = column +sat 1_i32;	renderer/layout/columns.wf:247	fragment_columns	1	for (k in 0_u64..total) {	denied: condition 1: the loop writes storage outliving the iteration that no exactly associative operation reduces, at set column = column +sat 1_i32;
Paged function scope	signature owns Paged: Context	same function/header	still denied	renderer/layout/flex.wf:296	intrinsic_flex	1	for (k in 0_u64..flow_count) {	denied: condition 1: the loop writes storage outliving the iteration that no exactly associative operation reduces, at set sum_least = spaced_least +sat main_gap;	renderer/layout/flex.wf:296	intrinsic_flex	1	for (k in 0_u64..flow_count) {	denied: condition 1: the loop writes storage outliving the iteration that no exactly associative operation reduces, at set sum_least = spaced_least +sat main_gap;
Paged function scope	signature owns Paged: Context	same function/header	still permitted	renderer/layout/flex.wf:401	flex_content_height	1	for (c in 0_u64..children) {	permitted: eligible; one accumulator under imax	renderer/layout/flex.wf:401	flex_content_height	1	for (c in 0_u64..children) {	permitted: eligible; one accumulator under imax
Paged function scope	signature owns Paged: Context	same function/header	still permitted	renderer/layout/flex.wf:408	flex_content_height	2	for (p in 0_u64..paragraphs) {	permitted: eligible; one accumulator under imax	renderer/layout/flex.wf:408	flex_content_height	2	for (p in 0_u64..paragraphs) {	permitted: eligible; one accumulator under imax
Paged function scope	signature owns Paged: Context	same function/header	still permitted	renderer/layout/flex.wf:414	flex_content_height	3	for (b in 0_u64..blocks) {	permitted: eligible; one accumulator under imax	renderer/layout/flex.wf:414	flex_content_height	3	for (b in 0_u64..blocks) {	permitted: eligible; one accumulator under imax
other loop; included for completeness		same function/header	still denied	renderer/layout/flex.wf:660	flex_sort	1	for (j in 0_u64..count) {	denied: condition 2: the body writes storage that is neither introduced by the iteration nor the accumulator, at set sequence^.inner[hole] = previous;	renderer/layout/flex.wf:660	flex_sort	1	for (j in 0_u64..count) {	denied: condition 2: the body writes storage that is neither introduced by the iteration nor the accumulator, at set sequence^.inner[hole] = previous;
other loop; included for completeness		same function/header	still denied	renderer/layout/flex.wf:667	flex_sort	2	for (step in 0_u64..j) {	denied: condition 1: the loop writes storage outliving the iteration that no exactly associative operation reduces, at set hole = before;	renderer/layout/flex.wf:667	flex_sort	2	for (step in 0_u64..j) {	denied: condition 1: the loop writes storage outliving the iteration that no exactly associative operation reduces, at set hole = before;
Paged function scope	signature owns Paged: Context	same function/header	still denied	renderer/layout/flex.wf:699	flex_collect	1	for (k in 0_u64..flow_count) {	denied: condition 2: the body writes storage that is neither introduced by the iteration nor the accumulator, at set items^.inner[at].active = True();	renderer/layout/flex.wf:699	flex_collect	1	for (k in 0_u64..flow_count) {	denied: condition 2: the body writes storage that is neither introduced by the iteration nor the accumulator, at set items^.inner[at].active = True();
other loop; included for completeness		same function/header	still denied	renderer/layout/flex.wf:742	flex_gather	1	for (k in 0_u64..count) {	denied: condition 2: the body writes storage that is neither introduced by the iteration nor the accumulator, at &lanes	renderer/layout/flex.wf:742	flex_gather	1	for (k in 0_u64..count) {	denied: condition 2: the body writes storage that is neither introduced by the iteration nor the accumulator, at &lanes
other loop; included for completeness		same function/header	still denied	renderer/layout/flex.wf:753	flex_store	1	for (k in 0_u64..count) {	denied: condition 2: the body writes storage that is neither introduced by the iteration nor the accumulator, at set items^.inner[lane.child] = lane;	renderer/layout/flex.wf:753	flex_store	1	for (k in 0_u64..count) {	denied: condition 2: the body writes storage that is neither introduced by the iteration nor the accumulator, at set items^.inner[lane.child] = lane;
other loop; included for completeness		same function/header	still denied	renderer/layout/flex.wf:765	flex_load	1	for (k in 0_u64..count) {	denied: condition 2: the body writes storage that is neither introduced by the iteration nor the accumulator, at set lanes^.inner[k] = found;	renderer/layout/flex.wf:765	flex_load	1	for (k in 0_u64..count) {	denied: condition 2: the body writes storage that is neither introduced by the iteration nor the accumulator, at set lanes^.inner[k] = found;
other loop; included for completeness		same function/header	still denied	renderer/layout/flex.wf:782	flex_build_lines	1	for (k in 0_u64..count) {	denied: condition 1: the loop writes storage outliving the iteration that no exactly associative operation reduces, at set first = k;	renderer/layout/flex.wf:782	flex_build_lines	1	for (k in 0_u64..count) {	denied: condition 1: the loop writes storage outliving the iteration that no exactly associative operation reduces, at set first = k;
other loop; included for completeness		same function/header; duplicate order	still denied	renderer/layout/flex.wf:819	flex_resolve	1	for (k in first..end) {	denied: condition 1: the loop writes storage outliving the iteration that no exactly associative operation reduces, at set gaps = gaps +sat gap;	renderer/layout/flex.wf:819	flex_resolve	1	for (k in first..end) {	denied: condition 1: the loop writes storage outliving the iteration that no exactly associative operation reduces, at set gaps = gaps +sat gap;
other loop; included for completeness		same function/header; duplicate order	still denied	renderer/layout/flex.wf:825	flex_resolve	2	for (k in first..end) {	denied: condition 1: the loop writes storage outliving the iteration that no exactly associative operation reduces, at set hypothetical_sum = hypothetical_sum +sat outer;	renderer/layout/flex.wf:825	flex_resolve	2	for (k in first..end) {	denied: condition 1: the loop writes storage outliving the iteration that no exactly associative operation reduces, at set hypothetical_sum = hypothetical_sum +sat outer;
other loop; included for completeness		same function/header; duplicate order	still denied	renderer/layout/flex.wf:834	flex_resolve	3	for (k in first..end) {	denied: condition 1: the loop writes storage outliving the iteration that no exactly associative operation reduces, at set initial_used = initial_used +sat outer;	renderer/layout/flex.wf:834	flex_resolve	3	for (k in first..end) {	denied: condition 1: the loop writes storage outliving the iteration that no exactly associative operation reduces, at set initial_used = initial_used +sat outer;
other loop; included for completeness		same function/header	still denied	renderer/layout/flex.wf:866	flex_resolve	4	for (round in 0_u64..rounds) {	denied: condition 2: the body writes storage that is neither introduced by the iteration nor the accumulator, at set lanes^.inner[k].target = wanted;	renderer/layout/flex.wf:866	flex_resolve	4	for (round in 0_u64..rounds) {	denied: condition 2: the body writes storage that is neither introduced by the iteration nor the accumulator, at set lanes^.inner[k].target = wanted;
other loop; included for completeness		same function/header; duplicate order	still denied	renderer/layout/flex.wf:871	flex_resolve	5	for (k in first..end) {	denied: condition 1: the loop writes storage outliving the iteration that no exactly associative operation reduces, at set used = used +sat outer;	renderer/layout/flex.wf:871	flex_resolve	5	for (k in first..end) {	denied: condition 1: the loop writes storage outliving the iteration that no exactly associative operation reduces, at set used = used +sat outer;
other loop; included for completeness		same function/header; duplicate order	still denied	renderer/layout/flex.wf:920	flex_resolve	6	for (k in first..end) {	denied: condition 1: the loop writes storage outliving the iteration that no exactly associative operation reduces, at set violation = violation +sat floored;	renderer/layout/flex.wf:920	flex_resolve	6	for (k in first..end) {	denied: condition 1: the loop writes storage outliving the iteration that no exactly associative operation reduces, at set violation = violation +sat floored;
other loop; included for completeness		same function/header; duplicate order	still denied	renderer/layout/flex.wf:961	flex_resolve	7	for (k in first..end) {	denied: condition 2: the body writes storage that is neither introduced by the iteration nor the accumulator, at set lanes^.inner[k].target = floored;	renderer/layout/flex.wf:961	flex_resolve	7	for (k in first..end) {	denied: condition 2: the body writes storage that is neither introduced by the iteration nor the accumulator, at set lanes^.inner[k].target = floored;
other loop; included for completeness		same function/header; duplicate order	still denied	renderer/layout/flex.wf:999	flex_align_main	1	for (k in first..end) {	denied: condition 1: the loop writes storage outliving the iteration that no exactly associative operation reduces, at set used = used +sat outer;	renderer/layout/flex.wf:999	flex_align_main	1	for (k in first..end) {	denied: condition 1: the loop writes storage outliving the iteration that no exactly associative operation reduces, at set used = used +sat outer;
other loop; included for completeness		same function/header; duplicate order	still denied	renderer/layout/flex.wf:1051	flex_align_main	2	for (k in first..end) {	denied: condition 1: the loop writes storage outliving the iteration that no exactly associative operation reduces, at set cursor = cursor +sat gap;	renderer/layout/flex.wf:1051	flex_align_main	2	for (k in first..end) {	denied: condition 1: the loop writes storage outliving the iteration that no exactly associative operation reduces, at set cursor = cursor +sat gap;
other loop; included for completeness		same function/header	still denied	renderer/layout/flex.wf:1092	flex_line_cross	1	for (k in first..end) {	denied: condition 1: the body carries 3 accumulators, and this rule recombines one	renderer/layout/flex.wf:1092	flex_line_cross	1	for (k in first..end) {	denied: condition 1: the body carries 3 accumulators, and this rule recombines one
other loop; included for completeness		same function/header	still denied	renderer/layout/flex.wf:1119	flex_align_cross	1	for (k in first..end) {	denied: condition 2: the body writes storage that is neither introduced by the iteration nor the accumulator, at set lanes^.inner[k].cross_start = before;	renderer/layout/flex.wf:1119	flex_align_cross	1	for (k in first..end) {	denied: condition 2: the body writes storage that is neither introduced by the iteration nor the accumulator, at set lanes^.inner[k].cross_start = before;
other loop; included for completeness		same function/header; duplicate order	still denied	renderer/layout/flex.wf:1190	flex_place_lines	1	for (l in 0_u64..count) {	denied: condition 1: the loop writes storage outliving the iteration that no exactly associative operation reduces, at set used = used +sat gap;	renderer/layout/flex.wf:1190	flex_place_lines	1	for (l in 0_u64..count) {	denied: condition 1: the loop writes storage outliving the iteration that no exactly associative operation reduces, at set used = used +sat gap;
other loop; included for completeness		same function/header; duplicate order	still denied	renderer/layout/flex.wf:1233	flex_place_lines	2	for (l in 0_u64..count) {	denied: condition 1: the loop writes storage outliving the iteration that no exactly associative operation reduces, at set cursor = cursor +sat size;	renderer/layout/flex.wf:1233	flex_place_lines	2	for (l in 0_u64..count) {	denied: condition 1: the loop writes storage outliving the iteration that no exactly associative operation reduces, at set cursor = cursor +sat size;
Paged function scope	signature owns Paged: Context	same function/header; duplicate order	still denied	renderer/layout/flex.wf:1482	lay_out_flex	1	for (i in 0_u64..count) {	denied: condition 2: the body writes storage that is neither introduced by the iteration nor the accumulator, at &items	renderer/layout/flex.wf:1482	lay_out_flex	1	for (i in 0_u64..count) {	denied: condition 2: the body writes storage that is neither introduced by the iteration nor the accumulator, at &items
Paged function scope	signature owns Paged: Context	same function/header; duplicate order	still permitted	renderer/layout/flex.wf:1490	lay_out_flex	2	for (i in 0_u64..count) {	permitted: eligible; no accumulator	renderer/layout/flex.wf:1490	lay_out_flex	2	for (i in 0_u64..count) {	permitted: eligible; no accumulator
Paged function scope	signature owns Paged: Context	same function/header; duplicate order	still denied	renderer/layout/flex.wf:1515	lay_out_flex	3	for (l in 0_u64..line_count) {	denied: condition 4: a break leaves the loop	renderer/layout/flex.wf:1515	lay_out_flex	3	for (l in 0_u64..line_count) {	denied: condition 4: a break leaves the loop
Paged function scope	signature owns Paged: Context	same function/header; duplicate order	still denied	renderer/layout/flex.wf:1530	lay_out_flex	4	for (l in 0_u64..line_count) {	denied: condition 2: the body writes storage that is neither introduced by the iteration nor the accumulator, at &lanes	renderer/layout/flex.wf:1530	lay_out_flex	4	for (l in 0_u64..line_count) {	denied: condition 2: the body writes storage that is neither introduced by the iteration nor the accumulator, at &lanes
Paged function scope	signature owns Paged: Context	same function/header; duplicate order	still permitted	renderer/layout/flex.wf:1542	lay_out_flex	5	for (i in 0_u64..count) {	permitted: eligible; no accumulator	renderer/layout/flex.wf:1542	lay_out_flex	5	for (i in 0_u64..count) {	permitted: eligible; no accumulator
Paged function scope	signature owns Paged: Context	same function/header; duplicate order	still denied	renderer/layout/flex.wf:1548	lay_out_flex	6	for (l in 0_u64..line_count) {	denied: condition 1: the loop writes storage outliving the iteration that no exactly associative operation reduces, at set natural_cross = natural_cross +sat cross_gap;	renderer/layout/flex.wf:1548	lay_out_flex	6	for (l in 0_u64..line_count) {	denied: condition 1: the loop writes storage outliving the iteration that no exactly associative operation reduces, at set natural_cross = natural_cross +sat cross_gap;
Paged function scope	signature owns Paged: Context	same function/header; duplicate order	still denied	renderer/layout/flex.wf:1575	lay_out_flex	7	for (l in 0_u64..line_count) {	denied: condition 2: the body writes storage that is neither introduced by the iteration nor the accumulator, at &lanes	renderer/layout/flex.wf:1575	lay_out_flex	7	for (l in 0_u64..line_count) {	denied: condition 2: the body writes storage that is neither introduced by the iteration nor the accumulator, at &lanes
Paged function scope	signature owns Paged: Context	same function/header; duplicate order	still permitted	renderer/layout/flex.wf:1589	lay_out_flex	8	for (i in 0_u64..count) {	permitted: eligible; no accumulator	renderer/layout/flex.wf:1589	lay_out_flex	8	for (i in 0_u64..count) {	permitted: eligible; no accumulator
Paged function scope	signature owns Paged: Context	same function/header; duplicate order	still permitted	renderer/layout/flex.wf:1595	lay_out_flex	9	for (i in 0_u64..count) {	permitted: eligible; no accumulator	renderer/layout/flex.wf:1595	lay_out_flex	9	for (i in 0_u64..count) {	permitted: eligible; no accumulator
other loop; included for completeness		same function/header	still permitted	renderer/layout/flow.wf:60	float_bottom	1	for (k in 0_u64..count) {	permitted: eligible; one accumulator under imax	renderer/layout/flow.wf:60	float_bottom	1	for (k in 0_u64..count) {	permitted: eligible; one accumulator under imax
Paged function scope	signature owns Paged: Context	same function/header	still denied	renderer/layout/flow.wf:231	prepare_spaces	1	for (k in 0_u64..flow_count) {	denied: condition 1: the loop writes storage outliving the iteration that no exactly associative operation reduces, at set next_split = place_splits(context: context, from: next_split, flow: k, left: left, width: width);	renderer/layout/flow.wf:231	prepare_spaces	1	for (k in 0_u64..flow_count) {	denied: condition 1: the loop writes storage outliving the iteration that no exactly associative operation reduces, at set next_split = place_splits(context: context, from: next_split, flow: k, left: left, width: width);
Paged function scope	signature owns Paged: Context	same function/header	still denied	renderer/layout/flow.wf:290	prepare_spaces	2	for (m in 0_u64..marks) {	denied: condition 2: the body writes storage that is neither introduced by the iteration nor the accumulator, at set context^.children.inner[child_at].space = child_space(available: width, basis_width: width, basis_height: unknown, shrink: yes);	renderer/layout/flow.wf:290	prepare_spaces	2	for (m in 0_u64..marks) {	denied: condition 2: the body writes storage that is neither introduced by the iteration nor the accumulator, at set context^.children.inner[child_at].space = child_space(available: width, basis_width: width, basis_height: unknown, shrink: yes);
Paged function scope	signature owns Paged: Context	same function/header	still permitted	renderer/layout/flow.wf:413	lay_out_children	1	for (i in 0_u64..count) {	permitted: eligible; no accumulator	renderer/layout/flow.wf:413	lay_out_children	1	for (i in 0_u64..count) {	permitted: eligible; no accumulator
Paged function scope	signature owns Paged: Context	same function/header	still permitted	renderer/layout/flow.wf:436	break_all	1	for (i in 0_u64..count) {	permitted: eligible; no accumulator	renderer/layout/flow.wf:436	break_all	1	for (i in 0_u64..count) {	permitted: eligible; no accumulator
Paged function scope	signature owns Paged: Context	same function/header	still denied	renderer/layout/flow.wf:465	place_float	1	for (attempt in 0_u64..count) {	denied: condition 1: the loop writes storage outliving the iteration that no exactly associative operation reduces, at set x = left_limit;	renderer/layout/flow.wf:465	place_float	1	for (attempt in 0_u64..count) {	denied: condition 1: the loop writes storage outliving the iteration that no exactly associative operation reduces, at set x = left_limit;
other loop; included for completeness		same function/header	still permitted	renderer/layout/flow.wf:520	lowest_bottom_above	1	for (k in 0_u64..count) {	permitted: eligible; one accumulator under imin	renderer/layout/flow.wf:520	lowest_bottom_above	1	for (k in 0_u64..count) {	permitted: eligible; one accumulator under imin
other loop; included for completeness		same function/header	still denied	renderer/layout/flow.wf:535	overlaps_floats	1	for (k in 0_u64..count) {	denied: condition 4: a return leaves the loop	renderer/layout/flow.wf:535	overlaps_floats	1	for (k in 0_u64..count) {	denied: condition 4: a return leaves the loop
Paged function scope	signature owns Paged: Context	same function/header	still denied	renderer/layout/flow.wf:551	resolve_open	1	for (k in 0_u64..count) {	denied: condition 2: the body writes storage that is neither introduced by the iteration nor the accumulator, at set context^.blocks.inner[block].resolved_y = y;	renderer/layout/flow.wf:551	resolve_open	1	for (k in 0_u64..count) {	denied: condition 2: the body writes storage that is neither introduced by the iteration nor the accumulator, at set context^.blocks.inner[block].resolved_y = y;
other loop; included for completeness		same function/header	still denied	renderer/layout/flow.wf:613	open_unresolved	1	for (k in 0_u64..count) {	denied: condition 4: a return leaves the loop	renderer/layout/flow.wf:613	open_unresolved	1	for (k in 0_u64..count) {	denied: condition 4: a return leaves the loop
Paged function scope	signature owns Paged: Context	same function/header	still denied	renderer/layout/flow.wf:626	line_splits	1	for (step in from..count) {	denied: condition 1: the loop writes storage outliving the iteration that no exactly associative operation reduces, at set at = at +sat 1_u64;	renderer/layout/flow.wf:626	line_splits	1	for (step in from..count) {	denied: condition 1: the loop writes storage outliving the iteration that no exactly associative operation reduces, at set at = at +sat 1_u64;
Paged function scope	signature owns Paged: Context	same function/header	still denied	renderer/layout/flow.wf:644	place_splits	1	for (step in from..count) {	denied: condition 1: the loop writes storage outliving the iteration that no exactly associative operation reduces, at set at = at +sat 1_u64;	renderer/layout/flow.wf:644	place_splits	1	for (step in from..count) {	denied: condition 1: the loop writes storage outliving the iteration that no exactly associative operation reduces, at set at = at +sat 1_u64;
Paged function scope	signature owns Paged: Context	same function/header	still denied	renderer/layout/flow.wf:748	sibling_above	1	for (back in 0_u64..flow) {	denied: condition 4: a return leaves the loop	renderer/layout/flow.wf:748	sibling_above	1	for (back in 0_u64..flow) {	denied: condition 4: a return leaves the loop
Paged function scope	signature owns Paged: Context	same function/header	still denied	renderer/layout/flow.wf:790	gap_lineless	1	for (k in from..high) {	denied: condition 4: a return leaves the loop	renderer/layout/flow.wf:790	gap_lineless	1	for (k in from..high) {	denied: condition 4: a return leaves the loop
Paged function scope	signature owns Paged: Context	same function/header	still denied	renderer/layout/flow.wf:837	shows_owner	1	for (m in 0_u64..marks) {	denied: condition 4: a return leaves the loop	renderer/layout/flow.wf:837	shows_owner	1	for (m in 0_u64..marks) {	denied: condition 4: a return leaves the loop
Paged function scope	signature owns Paged: Context	same function/header	still denied	renderer/layout/flow.wf:944	split_fragments_with_empty	1	for (i in 1_u64..sorted) {	denied: condition 2: the body writes storage that is neither introduced by the iteration nor the accumulator, at set next_same.inner[from] = to;	renderer/layout/flow.wf:944	split_fragments_with_empty	1	for (i in 1_u64..sorted) {	denied: condition 2: the body writes storage that is neither introduced by the iteration nor the accumulator, at set next_same.inner[from] = to;
Paged function scope	signature owns Paged: Context	same function/header; duplicate order	still denied	renderer/layout/flow.wf:959	split_fragments_with_empty	2	for (k in 0_u64..bounded) {	denied: condition 2: the body writes storage that is neither introduced by the iteration nor the accumulator, at set used.inner[j] = 1_u8;	renderer/layout/flow.wf:959	split_fragments_with_empty	2	for (k in 0_u64..bounded) {	denied: condition 2: the body writes storage that is neither introduced by the iteration nor the accumulator, at set used.inner[j] = 1_u8;
Paged function scope	signature owns Paged: Context	same function/header; duplicate order	still denied	renderer/layout/flow.wf:966	split_fragments_with_empty	3	for (step in 0_u64..bounded) {	denied: condition 1: the loop writes storage outliving the iteration that no exactly associative operation reduces, at set j = next_same.inner[j];	renderer/layout/flow.wf:966	split_fragments_with_empty	3	for (step in 0_u64..bounded) {	denied: condition 1: the loop writes storage outliving the iteration that no exactly associative operation reduces, at set j = next_same.inner[j];
Paged function scope	signature owns Paged: Context	same function/header	still denied	renderer/layout/flow.wf:1027	split_fragments_with_empty	4	for (f in 0_u64..count_kept) {	denied: condition 2: the body writes storage that is neither introduced by the iteration nor the accumulator, at &context^.fragments	renderer/layout/flow.wf:1027	split_fragments_with_empty	4	for (f in 0_u64..count_kept) {	denied: condition 2: the body writes storage that is neither introduced by the iteration nor the accumulator, at &context^.fragments
Paged function scope	signature owns Paged: Context	same function/header	still denied	renderer/layout/flow.wf:1036	split_fragments_with_empty	5	for (k in 0_u64..entries) {	denied: condition 2: the body writes storage that is neither introduced by the iteration nor the accumulator, at context	renderer/layout/flow.wf:1036	split_fragments_with_empty	5	for (k in 0_u64..entries) {	denied: condition 2: the body writes storage that is neither introduced by the iteration nor the accumulator, at context
other loop; included for completeness		same function/header	still denied	renderer/layout/flow.wf:1051	split_owner	1	for (step in 0_u64..64_u64) {	denied: condition 1: the loop writes storage outliving the iteration that no exactly associative operation reduces, at set low = middle +sat 1_u64;	renderer/layout/flow.wf:1051	split_owner	1	for (step in 0_u64..64_u64) {	denied: condition 1: the loop writes storage outliving the iteration that no exactly associative operation reduces, at set low = middle +sat 1_u64;
other loop; included for completeness		same function/header	still denied	renderer/layout/flow.wf:1089	sort_keys	1	for (pass in 0_u64..64_u64) {	denied: condition 1: the loop writes storage outliving the iteration that no exactly associative operation reduces, at set into_other = bnot(into_other);	renderer/layout/flow.wf:1089	sort_keys	1	for (pass in 0_u64..64_u64) {	denied: condition 1: the loop writes storage outliving the iteration that no exactly associative operation reduces, at set into_other = bnot(into_other);
other loop; included for completeness		same function/header	still denied	renderer/layout/flow.wf:1104	sort_keys	2	for (k in 0_u64..copied) {	denied: condition 2: the body writes storage that is neither introduced by the iteration nor the accumulator, at set keys^.inner[k] = other.inner[k];	renderer/layout/flow.wf:1104	sort_keys	2	for (k in 0_u64..copied) {	denied: condition 2: the body writes storage that is neither introduced by the iteration nor the accumulator, at set keys^.inner[k] = other.inner[k];
other loop; included for completeness		same function/header	still denied	renderer/layout/flow.wf:1117	merge_pass	1	for (run in 0_u64..count) {	denied: condition 1: the loop writes storage outliving the iteration that no exactly associative operation reduces, at set start = end;	renderer/layout/flow.wf:1117	merge_pass	1	for (run in 0_u64..count) {	denied: condition 1: the loop writes storage outliving the iteration that no exactly associative operation reduces, at set start = end;
other loop; included for completeness		same function/header	still denied	renderer/layout/flow.wf:1129	merge_pass	2	for (step in 0_u64..span) {	denied: condition 1: the loop writes storage outliving the iteration that no exactly associative operation reduces, at set left = left +sat 1_u64;	renderer/layout/flow.wf:1129	merge_pass	2	for (step in 0_u64..span) {	denied: condition 1: the loop writes storage outliving the iteration that no exactly associative operation reduces, at set left = left +sat 1_u64;
Paged function scope	signature owns Paged: Context	same function/header	still permitted	renderer/layout/flow.wf:1172	split_keys	1	for (k in 0_u64..bounded) {	permitted: eligible; no accumulator	renderer/layout/flow.wf:1172	split_keys	1	for (k in 0_u64..bounded) {	permitted: eligible; no accumulator
Paged function scope	signature owns Paged: Context	same function/header	still denied	renderer/layout/flow.wf:1189	split_closings	1	for (k in 0_u64..count) {	denied: condition 2: the body writes storage that is neither introduced by the iteration nor the accumulator, at set closing.inner[at] = 1_u8;	renderer/layout/flow.wf:1189	split_closings	1	for (k in 0_u64..count) {	denied: condition 2: the body writes storage that is neither introduced by the iteration nor the accumulator, at set closing.inner[at] = 1_u8;
Paged function scope	signature owns Paged: Context	same function/header	still denied	renderer/layout/flow.wf:1234	empty_inline_fragments	1	for (m in 0_u64..marks) {	denied: condition 2: the body writes storage that is neither introduced by the iteration nor the accumulator, at context	renderer/layout/flow.wf:1234	empty_inline_fragments	1	for (m in 0_u64..marks) {	denied: condition 2: the body writes storage that is neither introduced by the iteration nor the accumulator, at context
other loop; included for completeness		same function/header	still permitted	renderer/layout/flow.wf:1266	mark_lines	1	for (k in 0_u64..count) {	permitted: eligible; no accumulator	renderer/layout/flow.wf:1266	mark_lines	1	for (k in 0_u64..count) {	permitted: eligible; no accumulator
Paged function scope	signature owns Paged: Context	same function/header	still denied	renderer/layout/flow.wf:1353	place_atomics	1	for (a in 0_u64..atomics) {	denied: condition 2: the body writes storage that is neither introduced by the iteration nor the accumulator, at set context^.children.inner[child].normal_x = paragraph_normal_x +sat placed.normal_x;	renderer/layout/flow.wf:1353	place_atomics	1	for (a in 0_u64..atomics) {	denied: condition 2: the body writes storage that is neither introduced by the iteration nor the accumulator, at set context^.children.inner[child].normal_x = paragraph_normal_x +sat placed.normal_x;
Paged function scope	signature owns Paged: Context	same function/header	still denied	renderer/layout/flow.wf:1429	frames_grow	1	for (f in 0_u64..depth) {	denied: condition 4: a return leaves the loop	renderer/layout/flow.wf:1429	frames_grow	1	for (f in 0_u64..depth) {	denied: condition 4: a return leaves the loop
Paged function scope	signature owns Paged: Context	same function/header	still denied	renderer/layout/flow.wf:1496	settle_open	1	for (f in 0_u64..depth) {	denied: condition 2: the body writes storage that is neither introduced by the iteration nor the accumulator, at set context^.blocks.inner[at].normal_x = content_left +sat context^.blocks.inner[at].inner_x;	renderer/layout/flow.wf:1496	settle_open	1	for (f in 0_u64..depth) {	denied: condition 2: the body writes storage that is neither introduced by the iteration nor the accumulator, at set context^.blocks.inner[at].normal_x = content_left +sat context^.blocks.inner[at].inner_x;
Paged function scope	signature owns Paged: Context	same function/header	still denied	renderer/layout/flow.wf:1524	prepare_naturals	1	for (k in 0_u64..bounded) {	denied: condition 2: the body writes storage that is neither introduced by the iteration nor the accumulator, at &fresh	renderer/layout/flow.wf:1524	prepare_naturals	1	for (k in 0_u64..bounded) {	denied: condition 2: the body writes storage that is neither introduced by the iteration nor the accumulator, at &fresh
Paged function scope	signature owns Paged: Context	same function/header	still denied	renderer/layout/flow.wf:1554	later_floors	1	for (step in 0_u64..bounded) {	denied: condition 1: the accumulator is read 2 times in the body and a reduction reads it once, at set lowest = imin(lowest, context^.naturals.inner[place]);	renderer/layout/flow.wf:1554	later_floors	1	for (step in 0_u64..bounded) {	denied: condition 1: the accumulator is read 2 times in the body and a reduction reads it once, at set lowest = imin(lowest, context^.naturals.inner[place]);
Paged function scope	signature owns Paged: Context	same function/header	still denied	renderer/layout/flow.wf:1651	previous_stacked_paragraph	1	for (step in 0_u64..end) {	denied: condition 4: a return leaves the loop	renderer/layout/flow.wf:1651	previous_stacked_paragraph	1	for (step in 0_u64..end) {	denied: condition 4: a return leaves the loop
Paged function scope	signature owns Paged: Context	same function/header	still denied	renderer/layout/flow.wf:1668	preceding_float_entries	1	for (c in 0_u64..children) {	denied: condition 2: the body writes storage that is neither introduced by the iteration nor the accumulator, at &entries	renderer/layout/flow.wf:1668	preceding_float_entries	1	for (c in 0_u64..children) {	denied: condition 2: the body writes storage that is neither introduced by the iteration nor the accumulator, at &entries
Paged function scope	signature owns Paged: Context	same function/header	still denied	renderer/layout/flow.wf:1686	preceding_float_entries	2	for (j in 0_u64..count) {	denied: condition 2: the body writes storage that is neither introduced by the iteration nor the accumulator, at set entries.inner[hole] = held;	renderer/layout/flow.wf:1686	preceding_float_entries	2	for (j in 0_u64..count) {	denied: condition 2: the body writes storage that is neither introduced by the iteration nor the accumulator, at set entries.inner[hole] = held;
Paged function scope	signature owns Paged: Context	same function/header	still denied	renderer/layout/flow.wf:1692	preceding_float_entries	3	for (step in 0_u64..j) {	denied: condition 1: the loop writes storage outliving the iteration that no exactly associative operation reduces, at set hole = previous;	renderer/layout/flow.wf:1692	preceding_float_entries	3	for (step in 0_u64..j) {	denied: condition 1: the loop writes storage outliving the iteration that no exactly associative operation reduces, at set hole = previous;
Paged function scope	signature owns Paged: Context	same function/header	still denied	renderer/layout/flow.wf:1721	resume_float_state	1	for (f in 0_u64..count) {	denied: condition 2: the body writes storage that is neither introduced by the iteration nor the accumulator, at &stack^.floats	renderer/layout/flow.wf:1721	resume_float_state	1	for (f in 0_u64..count) {	denied: condition 2: the body writes storage that is neither introduced by the iteration nor the accumulator, at &stack^.floats
Paged function scope	signature owns Paged: Context	same function/header	still denied	renderer/layout/flow.wf:1786	resume_open_frames	1	for (step in 0_u64..count) {	denied: condition 1: the loop writes storage outliving the iteration that no exactly associative operation reduces, at set parent = context^.blocks.inner[at].parent;	renderer/layout/flow.wf:1786	resume_open_frames	1	for (step in 0_u64..count) {	denied: condition 1: the loop writes storage outliving the iteration that no exactly associative operation reduces, at set parent = context^.blocks.inner[at].parent;
Paged function scope	signature owns Paged: Context	same function/header	still denied	renderer/layout/flow.wf:1799	resume_open_frames	2	for (step in 0_u64..depth) {	denied: condition 1: the loop writes storage outliving the iteration that no exactly associative operation reduces, at set dx = dx +sat own_x;	renderer/layout/flow.wf:1799	resume_open_frames	2	for (step in 0_u64..depth) {	denied: condition 1: the loop writes storage outliving the iteration that no exactly associative operation reduces, at set dx = dx +sat own_x;
Paged function scope	signature owns Paged: Context	same function/header	still denied	renderer/layout/flow.wf:1829	resume_open_frames	3	for (f in 0_u64..made) {	denied: condition 2: the body writes storage that is neither introduced by the iteration nor the accumulator, at set context^.blocks.inner[at].held_y = geometry_read_10.y;	renderer/layout/flow.wf:1829	resume_open_frames	3	for (f in 0_u64..made) {	denied: condition 2: the body writes storage that is neither introduced by the iteration nor the accumulator, at set context^.blocks.inner[at].held_y = geometry_read_10.y;
Paged function scope	signature owns Paged: Context	same function/header	still denied	renderer/layout/flow.wf:1898	stack_flow	1	for (i in 0_u64..splits) {	denied: condition 1: the loop writes storage outliving the iteration that no exactly associative operation reduces, at set next_split = i +sat 1_u64;	renderer/layout/flow.wf:1898	stack_flow	1	for (i in 0_u64..splits) {	denied: condition 1: the loop writes storage outliving the iteration that no exactly associative operation reduces, at set next_split = i +sat 1_u64;
Paged function scope	signature owns Paged: Context	same function/header	still denied	renderer/layout/flow.wf:1916	stack_flow	2	for (k in restart..flow_count) {	denied: condition 1: the loop writes storage outliving the iteration that no exactly associative operation reduces, at set restacked = restacked +sat 1_u64;	renderer/layout/flow.wf:1916	stack_flow	2	for (k in restart..flow_count) {	denied: condition 1: the loop writes storage outliving the iteration that no exactly associative operation reduces, at set restacked = restacked +sat 1_u64;
Paged function scope	signature owns Paged: Context	same function/header	still denied	renderer/layout/flow.wf:2305	stack_flow	3	for (attempt in 0_u64..floats) {	denied: condition 1: the loop writes storage outliving the iteration that no exactly associative operation reduces, at set below = add_counts(first: below, second: narrow_counts);	renderer/layout/flow.wf:2305	stack_flow	3	for (attempt in 0_u64..floats) {	denied: condition 1: the loop writes storage outliving the iteration that no exactly associative operation reduces, at set below = add_counts(first: below, second: narrow_counts);
Paged function scope	signature owns Paged: Context	same function/header	still denied	renderer/layout/flow.wf:2475	positioned_block	1	for (step in 0_u64..depth) {	denied: condition 4: a return leaves the loop	renderer/layout/flow.wf:2475	positioned_block	1	for (step in 0_u64..depth) {	denied: condition 4: a return leaves the loop
Paged function scope	signature owns Paged: Context	same function/header	still denied	renderer/layout/flow.wf:2573	position_out_events	1	for (k in 0_u64..flow_count) {	denied: condition 1: the loop writes storage outliving the iteration that no exactly associative operation reduces, at set counted = add_counts(first: counted, second: got);	renderer/layout/flow.wf:2573	position_out_events	1	for (k in 0_u64..flow_count) {	denied: condition 1: the loop writes storage outliving the iteration that no exactly associative operation reduces, at set counted = add_counts(first: counted, second: got);
Paged function scope	signature owns Paged: Context	same function/header	still denied	renderer/layout/flow.wf:2656	clear_column_map	1	for (step in 0_u64..cleared_map) {	denied: condition 2: the body writes storage that is neither introduced by the iteration nor the accumulator, at &context^.column_map.inner	renderer/layout/flow.wf:2656	clear_column_map	1	for (step in 0_u64..cleared_map) {	denied: condition 2: the body writes storage that is neither introduced by the iteration nor the accumulator, at &context^.column_map.inner
Paged function scope	signature owns Paged: Context	same function/header	still denied	renderer/layout/flow.wf:2846	chain_anchor	1	for (step in 0_u64..count) {	denied: condition 1: the loop writes storage outliving the iteration that no exactly associative operation reduces, at set at = found_block.parent;	renderer/layout/flow.wf:2846	chain_anchor	1	for (step in 0_u64..count) {	denied: condition 1: the loop writes storage outliving the iteration that no exactly associative operation reduces, at set at = found_block.parent;
Paged function scope	signature owns Paged: Context	same function/header	still denied	renderer/layout/flow.wf:2880	position_out_children	1	for (at in 0_u64..count) {	denied: condition 1: the loop writes storage outliving the iteration that no exactly associative operation reduces, at set counted = add_counts(first: counted, second: got);	renderer/layout/flow.wf:2880	position_out_children	1	for (at in 0_u64..count) {	denied: condition 1: the loop writes storage outliving the iteration that no exactly associative operation reduces, at set counted = add_counts(first: counted, second: got);
Paged function scope	signature owns Paged: Context; signature accepts a Paged run	same function/header	still denied	renderer/layout/flow.wf:2923	paragraph_intrinsic	1	for (m in 0_u64..marks) {	denied: condition 2: the body writes storage that is neither introduced by the iteration nor the accumulator, at set sizes.advances.inner[at] = 0.0_f32;	renderer/layout/flow.wf:2923	paragraph_intrinsic	1	for (m in 0_u64..marks) {	denied: condition 2: the body writes storage that is neither introduced by the iteration nor the accumulator, at set sizes.advances.inner[at] = 0.0_f32;
Paged function scope	signature owns Paged: Context; signature accepts a Paged run	same function/header	still denied	renderer/layout/flow.wf:2967	paragraph_intrinsic	2	for (j in 0_u64..count) {	denied: condition 1: the loop writes storage outliving the iteration that no exactly associative operation reduces, at set best = fmax(best, visible);	renderer/layout/flow.wf:2967	paragraph_intrinsic	2	for (j in 0_u64..count) {	denied: condition 1: the loop writes storage outliving the iteration that no exactly associative operation reduces, at set best = fmax(best, visible);
Paged function scope	signature owns Paged: Context	same function/header	still permitted	renderer/layout/flow.wf:3018	intrinsic_flow	1	for (c in 0_u64..children) {	permitted: eligible; no accumulator	renderer/layout/flow.wf:3018	intrinsic_flow	1	for (c in 0_u64..children) {	permitted: eligible; no accumulator
Paged function scope	signature owns Paged: Context	same function/header	still denied	renderer/layout/flow.wf:3034	intrinsic_flow	2	for (k in 0_u64..flow_count) {	denied: condition 1: the loop writes storage outliving the iteration that no exactly associative operation reduces, at set most = chunk_most(most: most, text: chunk_text, floats: chunk_floats, around: around);	renderer/layout/flow.wf:3034	intrinsic_flow	2	for (k in 0_u64..flow_count) {	denied: condition 1: the loop writes storage outliving the iteration that no exactly associative operation reduces, at set most = chunk_most(most: most, text: chunk_text, floats: chunk_floats, around: around);
other loop; included for completeness		same function/header	still denied	renderer/layout/flow.wf:3359	place_rect	1	for (k in 0_u64..pieces) {	denied: condition 2: the body writes storage that is neither introduced by the iteration nor the accumulator, at out	renderer/layout/flow.wf:3359	place_rect	1	for (k in 0_u64..pieces) {	denied: condition 2: the body writes storage that is neither introduced by the iteration nor the accumulator, at out
Paged function scope	signature owns Paged: Context	same function/header	still denied	renderer/layout/flow.wf:3412	place_context	1	for (f in 0_u64..own_count) {	denied: condition 2: the body writes storage that is neither introduced by the iteration nor the accumulator, at out	renderer/layout/flow.wf:3412	place_context	1	for (f in 0_u64..own_count) {	denied: condition 2: the body writes storage that is neither introduced by the iteration nor the accumulator, at out
Paged function scope	signature owns Paged: Context	same function/header; duplicate order	still denied	renderer/layout/flow.wf:3421	place_context	2	for (at_entry in 0_u64..entries) {	denied: condition 2: the body writes storage that is neither introduced by the iteration nor the accumulator, at out	renderer/layout/flow.wf:3421	place_context	2	for (at_entry in 0_u64..entries) {	denied: condition 2: the body writes storage that is neither introduced by the iteration nor the accumulator, at out
Paged function scope	signature owns Paged: Context	same function/header; duplicate order	still denied	renderer/layout/flow.wf:3436	place_context	3	for (at_entry in 0_u64..entries) {	denied: condition 2: the body writes storage that is neither introduced by the iteration nor the accumulator, at out	renderer/layout/flow.wf:3436	place_context	3	for (at_entry in 0_u64..entries) {	denied: condition 2: the body writes storage that is neither introduced by the iteration nor the accumulator, at out
Paged function scope	signature owns Paged: Context	same function/header	still denied	renderer/layout/flow.wf:3444	place_context	4	for (f in 0_u64..pieces) {	denied: condition 2: the body writes storage that is neither introduced by the iteration nor the accumulator, at out	renderer/layout/flow.wf:3444	place_context	4	for (f in 0_u64..pieces) {	denied: condition 2: the body writes storage that is neither introduced by the iteration nor the accumulator, at out
Paged function scope	signature owns Paged: Context	same function/header	still denied	renderer/layout/flow.wf:3455	place_context	5	for (f in own_count..count) {	denied: condition 2: the body writes storage that is neither introduced by the iteration nor the accumulator, at out	renderer/layout/flow.wf:3455	place_context	5	for (f in own_count..count) {	denied: condition 2: the body writes storage that is neither introduced by the iteration nor the accumulator, at out
Paged function scope	signature owns Paged: Context	same function/header	still denied	renderer/layout/flow.wf:3465	place_context	6	for (c in 0_u64..children) {	denied: condition 2: the body writes storage that is neither introduced by the iteration nor the accumulator, at out	renderer/layout/flow.wf:3465	place_context	6	for (c in 0_u64..children) {	denied: condition 2: the body writes storage that is neither introduced by the iteration nor the accumulator, at out
Paged function scope	signature owns Paged: Context	same function/header	still denied	renderer/layout/geometry.wf:67	block_origin	1	for (step in 0_u64..count) {	denied: condition 1: the loop writes storage outliving the iteration that no exactly associative operation reduces, at set accumulated = origin_accumulate(owner: local, local: accumulated);	renderer/layout/geometry.wf:67	block_origin	1	for (step in 0_u64..count) {	denied: condition 1: the loop writes storage outliving the iteration that no exactly associative operation reduces, at set accumulated = origin_accumulate(owner: local, local: accumulated);
Paged function scope	signature owns Paged: Context	same function/header	still permitted	renderer/layout/geometry.wf:144	geometry_snapshot	1	for (at in 0_u64..count) {	permitted: eligible; no accumulator	renderer/layout/geometry.wf:144	geometry_snapshot	1	for (at in 0_u64..count) {	permitted: eligible; no accumulator
Paged function scope	signature owns Paged: Context	same function/header	still denied	renderer/layout/geometry.wf:161	placement_origins	1	for (flow_pos in 0_u64..entries) {	denied: condition 2: the body writes storage that is neither introduced by the iteration nor the accumulator, at set origins.inner[at] = origin_accumulate(owner: parent_origin, local: local);	renderer/layout/geometry.wf:161	placement_origins	1	for (flow_pos in 0_u64..entries) {	denied: condition 2: the body writes storage that is neither introduced by the iteration nor the accumulator, at set origins.inner[at] = origin_accumulate(owner: parent_origin, local: local);
Paged function scope	signature owns Paged: Context	same function/header	still permitted	renderer/layout/geometry.wf:257	geometry_owned	1	for (b in 0_u64..blocks) {	permitted: eligible; no accumulator	renderer/layout/geometry.wf:257	geometry_owned	1	for (b in 0_u64..blocks) {	permitted: eligible; no accumulator
Paged function scope	signature owns Paged: Context	same function/header	still permitted	renderer/layout/geometry.wf:262	geometry_owned	2	for (p in 0_u64..paragraphs) {	permitted: eligible; no accumulator	renderer/layout/geometry.wf:262	geometry_owned	2	for (p in 0_u64..paragraphs) {	permitted: eligible; no accumulator
Paged function scope	signature owns Paged: Context	same function/header	still permitted	renderer/layout/geometry.wf:266	geometry_owned	3	for (c in 0_u64..children) {	permitted: eligible; no accumulator	renderer/layout/geometry.wf:266	geometry_owned	3	for (c in 0_u64..children) {	permitted: eligible; no accumulator
Paged function scope	signature owns Paged: Context	same function/header	still permitted	renderer/layout/geometry.wf:340	geometry_reference	1	for (b in 0_u64..blocks) {	permitted: eligible; no accumulator	renderer/layout/geometry.wf:340	geometry_reference	1	for (b in 0_u64..blocks) {	permitted: eligible; no accumulator
Paged function scope	signature owns Paged: Context	same function/header	still permitted	renderer/layout/geometry.wf:345	geometry_reference	2	for (p in 0_u64..paragraphs) {	permitted: eligible; no accumulator	renderer/layout/geometry.wf:345	geometry_reference	2	for (p in 0_u64..paragraphs) {	permitted: eligible; no accumulator
Paged function scope	signature owns Paged: Context	same function/header	still permitted	renderer/layout/geometry.wf:349	geometry_reference	3	for (c in 0_u64..children) {	permitted: eligible; no accumulator	renderer/layout/geometry.wf:349	geometry_reference	3	for (c in 0_u64..children) {	permitted: eligible; no accumulator
Paged function scope	signature owns Paged: Context	same function/header	still denied	renderer/layout/geometry.wf:359	geometry_reference	4	for (f in first..count) {	denied: condition 2: the body writes storage that is neither introduced by the iteration nor the accumulator, at set context^.fragments.inner[f].x = context^.fragments.inner[f].x +sat dx;	renderer/layout/geometry.wf:359	geometry_reference	4	for (f in first..count) {	denied: condition 2: the body writes storage that is neither introduced by the iteration nor the accumulator, at set context^.fragments.inner[f].x = context^.fragments.inner[f].x +sat dx;
Paged function scope	signature owns Paged: Context	same function/header	still denied	renderer/layout/geometry.wf:383	translation_exact	1	for (b in 0_u64..blocks) {	denied: condition 4: a return leaves the loop	renderer/layout/geometry.wf:383	translation_exact	1	for (b in 0_u64..blocks) {	denied: condition 4: a return leaves the loop
Paged function scope	signature owns Paged: Context	same function/header	still denied	renderer/layout/geometry.wf:397	translation_exact	2	for (p in 0_u64..paragraphs) {	denied: condition 4: a return leaves the loop	renderer/layout/geometry.wf:397	translation_exact	2	for (p in 0_u64..paragraphs) {	denied: condition 4: a return leaves the loop
Paged function scope	signature owns Paged: Context	same function/header	still denied	renderer/layout/geometry.wf:410	translation_exact	3	for (c in 0_u64..children) {	denied: condition 4: a return leaves the loop	renderer/layout/geometry.wf:410	translation_exact	3	for (c in 0_u64..children) {	denied: condition 4: a return leaves the loop
Paged function scope	signature owns Paged: Context	same function/header; duplicate order	still permitted	renderer/layout/geometry.wf:487	translate_after	1	for (b in 0_u64..blocks) {	permitted: eligible; no accumulator	renderer/layout/geometry.wf:487	translate_after	1	for (b in 0_u64..blocks) {	permitted: eligible; no accumulator
Paged function scope	signature owns Paged: Context	same function/header; duplicate order	still permitted	renderer/layout/geometry.wf:499	translate_after	2	for (b in 0_u64..blocks) {	permitted: eligible; no accumulator	renderer/layout/geometry.wf:499	translate_after	2	for (b in 0_u64..blocks) {	permitted: eligible; no accumulator
Paged function scope	signature owns Paged: Context	same function/header	still permitted	renderer/layout/geometry.wf:507	translate_after	3	for (p in 0_u64..paragraphs) {	permitted: eligible; no accumulator	renderer/layout/geometry.wf:507	translate_after	3	for (p in 0_u64..paragraphs) {	permitted: eligible; no accumulator
Paged function scope	signature owns Paged: Context	same function/header	still permitted	renderer/layout/geometry.wf:511	translate_after	4	for (c in 0_u64..children) {	permitted: eligible; no accumulator	renderer/layout/geometry.wf:511	translate_after	4	for (c in 0_u64..children) {	permitted: eligible; no accumulator
other loop; included for completeness		same function/header	still denied	renderer/layout/grid.wf:341	grid_repeat_count	1	for (k in first..end) {	denied: condition 1: the loop writes storage outliving the iteration that no exactly associative operation reduces, at set repeat_sum = repeat_sum +sat size;	renderer/layout/grid.wf:341	grid_repeat_count	1	for (k in first..end) {	denied: condition 1: the loop writes storage outliving the iteration that no exactly associative operation reduces, at set repeat_sum = repeat_sum +sat size;
other loop; included for completeness		same function/header	still denied	renderer/layout/grid.wf:549	grid_names_hold	1	for (k in first..end) {	denied: condition 4: a return leaves the loop	renderer/layout/grid.wf:549	grid_names_hold	1	for (k in first..end) {	denied: condition 4: a return leaves the loop
other loop; included for completeness		same function/header; duplicate order	still denied	renderer/layout/grid.wf:645	grid_find_named	1	for (k in 0_u64..total) {	denied: condition 1: the loop writes storage outliving the iteration that no exactly associative operation reduces, at set seen = seen +sat 1_i32;	renderer/layout/grid.wf:645	grid_find_named	1	for (k in 0_u64..total) {	denied: condition 1: the loop writes storage outliving the iteration that no exactly associative operation reduces, at set seen = seen +sat 1_i32;
other loop; included for completeness		same function/header; duplicate order	still denied	renderer/layout/grid.wf:661	grid_find_named	2	for (k in 0_u64..total) {	denied: condition 1: the loop writes storage outliving the iteration that no exactly associative operation reduces, at set seen = seen +sat 1_i32;	renderer/layout/grid.wf:661	grid_find_named	2	for (k in 0_u64..total) {	denied: condition 1: the loop writes storage outliving the iteration that no exactly associative operation reduces, at set seen = seen +sat 1_i32;
other loop; included for completeness		same function/header	still denied	renderer/layout/grid.wf:686	grid_area_line	1	for (k in first..end) {	denied: condition 4: a return leaves the loop	renderer/layout/grid.wf:686	grid_area_line	1	for (k in first..end) {	denied: condition 4: a return leaves the loop
Paged function scope	signature owns Paged: Context	same function/header	still denied	renderer/layout/grid.wf:854	grid_collect	1	for (c in 0_u64..count) {	denied: condition 2: the body writes storage that is neither introduced by the iteration nor the accumulator, at &model^.items	renderer/layout/grid.wf:854	grid_collect	1	for (c in 0_u64..count) {	denied: condition 2: the body writes storage that is neither introduced by the iteration nor the accumulator, at &model^.items
Paged function scope	signature owns Paged: Context	same function/header	still denied	renderer/layout/grid.wf:860	grid_collect	2	for (k in 0_u64..flow_count) {	denied: condition 1: the loop writes storage outliving the iteration that no exactly associative operation reduces, at set ordered = True();	renderer/layout/grid.wf:860	grid_collect	2	for (k in 0_u64..flow_count) {	denied: condition 1: the loop writes storage outliving the iteration that no exactly associative operation reduces, at set ordered = True();
other loop; included for completeness		same function/header	still denied	renderer/layout/grid.wf:912	grid_sort_sequence	1	for (i in 1_u64..count) {	denied: condition 2: the body writes storage that is neither introduced by the iteration nor the accumulator, at set model^.sequence.inner[at] = previous;	renderer/layout/grid.wf:912	grid_sort_sequence	1	for (i in 1_u64..count) {	denied: condition 2: the body writes storage that is neither introduced by the iteration nor the accumulator, at set model^.sequence.inner[at] = previous;
other loop; included for completeness		same function/header	still denied	renderer/layout/grid.wf:945	grid_swap_axes	1	for (c in 0_u64..count) {	denied: condition 2: the body writes storage that is neither introduced by the iteration nor the accumulator, at &model^.items	renderer/layout/grid.wf:945	grid_swap_axes	1	for (c in 0_u64..count) {	denied: condition 2: the body writes storage that is neither introduced by the iteration nor the accumulator, at &model^.items
other loop; included for completeness		same function/header	still denied	renderer/layout/grid.wf:958	grid_free	1	for (r in row..row_end) {	denied: condition 4: a return leaves the loop	renderer/layout/grid.wf:958	grid_free	1	for (r in row..row_end) {	denied: condition 4: a return leaves the loop
other loop; included for completeness		same function/header	still denied	renderer/layout/grid.wf:959	grid_free	2	for (c in column..column_end) {	denied: condition 4: a return leaves the loop	renderer/layout/grid.wf:959	grid_free	2	for (c in column..column_end) {	denied: condition 4: a return leaves the loop
other loop; included for completeness		same function/header	still denied	renderer/layout/grid.wf:982	grid_mark	1	for (r in row..row_end) {	denied: condition 2: the body writes storage that is neither introduced by the iteration nor the accumulator, at set cells^.inner[index] = 1_u8;	renderer/layout/grid.wf:982	grid_mark	1	for (r in row..row_end) {	denied: condition 2: the body writes storage that is neither introduced by the iteration nor the accumulator, at set cells^.inner[index] = 1_u8;
other loop; included for completeness		same function/header	still denied	renderer/layout/grid.wf:983	grid_mark	2	for (c in column..column_end) {	denied: condition 2: the body writes storage that is neither introduced by the iteration nor the accumulator, at set cells^.inner[index] = 1_u8;	renderer/layout/grid.wf:983	grid_mark	2	for (c in column..column_end) {	denied: condition 2: the body writes storage that is neither introduced by the iteration nor the accumulator, at set cells^.inner[index] = 1_u8;
other loop; included for completeness		same function/header; duplicate order	still denied	renderer/layout/grid.wf:1004	grid_place	1	for (s in 0_u64..count) {	denied: condition 1: the body carries 2 accumulators, and this rule recombines one	renderer/layout/grid.wf:1004	grid_place	1	for (s in 0_u64..count) {	denied: condition 1: the body carries 2 accumulators, and this rule recombines one
other loop; included for completeness		same function/header; duplicate order	still denied	renderer/layout/grid.wf:1024	grid_place	2	for (s in 0_u64..count) {	denied: condition 1: the loop writes storage outliving the iteration that no exactly associative operation reduces, at set auto_rows = auto_rows +sat item.rows;	renderer/layout/grid.wf:1024	grid_place	2	for (s in 0_u64..count) {	denied: condition 1: the loop writes storage outliving the iteration that no exactly associative operation reduces, at set auto_rows = auto_rows +sat item.rows;
other loop; included for completeness		same function/header; duplicate order	still denied	renderer/layout/grid.wf:1070	grid_place	3	for (s in 0_u64..count) {	denied: condition 2: the body writes storage that is neither introduced by the iteration nor the accumulator, at &occupied	renderer/layout/grid.wf:1070	grid_place	3	for (s in 0_u64..count) {	denied: condition 2: the body writes storage that is neither introduced by the iteration nor the accumulator, at &occupied
other loop; included for completeness		same function/header; duplicate order	still denied	renderer/layout/grid.wf:1087	grid_place	4	for (s in 0_u64..count) {	denied: condition 2: the body writes storage that is neither introduced by the iteration nor the accumulator, at &occupied	renderer/layout/grid.wf:1087	grid_place	4	for (s in 0_u64..count) {	denied: condition 2: the body writes storage that is neither introduced by the iteration nor the accumulator, at &occupied
other loop; included for completeness		same function/header	still denied	renderer/layout/grid.wf:1107	grid_place	5	for (k in floor..column_cap) {	denied: condition 1: the loop writes storage outliving the iteration that no exactly associative operation reduces, at set found = k;	renderer/layout/grid.wf:1107	grid_place	5	for (k in floor..column_cap) {	denied: condition 1: the loop writes storage outliving the iteration that no exactly associative operation reduces, at set found = k;
other loop; included for completeness		same function/header; duplicate order	still denied	renderer/layout/grid.wf:1128	grid_place	6	for (s in 0_u64..count) {	denied: condition 1: the body carries 2 accumulators, and this rule recombines one	renderer/layout/grid.wf:1128	grid_place	6	for (s in 0_u64..count) {	denied: condition 1: the body carries 2 accumulators, and this rule recombines one
other loop; included for completeness		same function/header; duplicate order	still denied	renderer/layout/grid.wf:1147	grid_place	7	for (s in 0_u64..count) {	denied: condition 1: the loop writes storage outliving the iteration that no exactly associative operation reduces, at set cursor_row = 0_u64;	renderer/layout/grid.wf:1147	grid_place	7	for (s in 0_u64..count) {	denied: condition 1: the loop writes storage outliving the iteration that no exactly associative operation reduces, at set cursor_row = 0_u64;
other loop; included for completeness		same function/header; duplicate order	still denied	renderer/layout/grid.wf:1165	grid_place	8	for (k in 0_u64..limit) {	denied: condition 1: the loop writes storage outliving the iteration that no exactly associative operation reduces, at set cursor_row = cursor_row +sat 1_u64;	renderer/layout/grid.wf:1165	grid_place	8	for (k in 0_u64..limit) {	denied: condition 1: the loop writes storage outliving the iteration that no exactly associative operation reduces, at set cursor_row = cursor_row +sat 1_u64;
other loop; included for completeness		same function/header; duplicate order	still denied	renderer/layout/grid.wf:1180	grid_place	9	for (k in 0_u64..limit) {	denied: condition 1: the loop writes storage outliving the iteration that no exactly associative operation reduces, at set cursor_row = cursor_row +sat 1_u64;	renderer/layout/grid.wf:1180	grid_place	9	for (k in 0_u64..limit) {	denied: condition 1: the loop writes storage outliving the iteration that no exactly associative operation reduces, at set cursor_row = cursor_row +sat 1_u64;
other loop; included for completeness		same function/header; duplicate order	still denied	renderer/layout/grid.wf:1206	grid_place	10	for (s in 0_u64..count) {	denied: condition 1: the body carries 2 accumulators, and this rule recombines one	renderer/layout/grid.wf:1206	grid_place	10	for (s in 0_u64..count) {	denied: condition 1: the body carries 2 accumulators, and this rule recombines one
other loop; included for completeness		same function/header	still denied	renderer/layout/grid.wf:1234	grid_build_tracks	1	for (k in 0_u64..count) {	denied: condition 2: the body writes storage that is neither introduced by the iteration nor the accumulator, at tracks	renderer/layout/grid.wf:1234	grid_build_tracks	1	for (k in 0_u64..count) {	denied: condition 2: the body writes storage that is neither introduced by the iteration nor the accumulator, at tracks
other loop; included for completeness		same function/header	still denied	renderer/layout/grid.wf:1239	grid_build_tracks	2	for (c in 0_u64..items_count) {	denied: condition 2: the body writes storage that is neither introduced by the iteration nor the accumulator, at set tracks^.inner[k].used = True();	renderer/layout/grid.wf:1239	grid_build_tracks	2	for (c in 0_u64..items_count) {	denied: condition 2: the body writes storage that is neither introduced by the iteration nor the accumulator, at set tracks^.inner[k].used = True();
other loop; included for completeness		same function/header	still denied	renderer/layout/grid.wf:1246	grid_build_tracks	3	for (k in first..end) {	denied: condition 2: the body writes storage that is neither introduced by the iteration nor the accumulator, at set tracks^.inner[k].used = True();	renderer/layout/grid.wf:1246	grid_build_tracks	3	for (k in first..end) {	denied: condition 2: the body writes storage that is neither introduced by the iteration nor the accumulator, at set tracks^.inner[k].used = True();
other loop; included for completeness		same function/header	still denied	renderer/layout/grid.wf:1261	grid_build_tracks	4	for (k in low..high) {	denied: condition 2: the body writes storage that is neither introduced by the iteration nor the accumulator, at set tracks^.inner[k].collapsed = True();	renderer/layout/grid.wf:1261	grid_build_tracks	4	for (k in low..high) {	denied: condition 2: the body writes storage that is neither introduced by the iteration nor the accumulator, at set tracks^.inner[k].collapsed = True();
other loop; included for completeness		same function/header	still denied	renderer/layout/grid.wf:1278	grid_build_tracks	5	for (k in 0_u64..length) {	denied: condition 1: the loop writes storage outliving the iteration that no exactly associative operation reduces, at set seen = True();	renderer/layout/grid.wf:1278	grid_build_tracks	5	for (k in 0_u64..length) {	denied: condition 1: the loop writes storage outliving the iteration that no exactly associative operation reduces, at set seen = True();
other loop; included for completeness		same function/header	still denied	renderer/layout/grid.wf:1347	grid_sum	1	for (k in first..end) {	denied: condition 1: the loop writes storage outliving the iteration that no exactly associative operation reduces, at set total = total +sat track.gap;	renderer/layout/grid.wf:1347	grid_sum	1	for (k in first..end) {	denied: condition 1: the loop writes storage outliving the iteration that no exactly associative operation reduces, at set total = total +sat track.gap;
other loop; included for completeness		same function/header	still denied	renderer/layout/grid.wf:1373	grid_sum_flexless	1	for (k in first..end) {	denied: condition 1: the loop writes storage outliving the iteration that no exactly associative operation reduces, at set total = total +sat track.gap;	renderer/layout/grid.wf:1373	grid_sum_flexless	1	for (k in first..end) {	denied: condition 1: the loop writes storage outliving the iteration that no exactly associative operation reduces, at set total = total +sat track.gap;
other loop; included for completeness		same function/header	still denied	renderer/layout/grid.wf:1392	grid_spans_flex	1	for (k in first..end) {	denied: condition 4: a return leaves the loop	renderer/layout/grid.wf:1392	grid_spans_flex	1	for (k in first..end) {	denied: condition 4: a return leaves the loop
other loop; included for completeness		same function/header; duplicate order	still permitted	renderer/layout/grid.wf:1422	grid_spread	1	for (k in first..end) {	permitted: eligible; no accumulator	renderer/layout/grid.wf:1422	grid_spread	1	for (k in first..end) {	permitted: eligible; no accumulator
other loop; included for completeness		same function/header	still denied	renderer/layout/grid.wf:1430	grid_spread	2	for (round in 0_u64..rounds) {	denied: condition 1: the loop writes storage outliving the iteration that no exactly associative operation reduces, at set remaining = remaining -sat given;	renderer/layout/grid.wf:1430	grid_spread	2	for (round in 0_u64..rounds) {	denied: condition 1: the loop writes storage outliving the iteration that no exactly associative operation reduces, at set remaining = remaining -sat given;
other loop; included for completeness		same function/header; duplicate order	still denied	renderer/layout/grid.wf:1432	grid_spread	3	for (k in first..end) {	denied: condition 1: the loop writes storage outliving the iteration that no exactly associative operation reduces, at set open = open +sat 1_i32;	renderer/layout/grid.wf:1432	grid_spread	3	for (k in first..end) {	denied: condition 1: the loop writes storage outliving the iteration that no exactly associative operation reduces, at set open = open +sat 1_i32;
other loop; included for completeness		same function/header; duplicate order	still denied	renderer/layout/grid.wf:1454	grid_spread	4	for (k in first..end) {	denied: condition 1: the loop writes storage outliving the iteration that no exactly associative operation reduces, at set extra = extra -sat bonus;	renderer/layout/grid.wf:1454	grid_spread	4	for (k in first..end) {	denied: condition 1: the loop writes storage outliving the iteration that no exactly associative operation reduces, at set extra = extra -sat bonus;
other loop; included for completeness		same function/header; duplicate order	still denied	renderer/layout/grid.wf:1480	grid_spread	5	for (k in first..end) {	denied: condition 1: the loop writes storage outliving the iteration that no exactly associative operation reduces, at set targets = targets +sat 1_i32;	renderer/layout/grid.wf:1480	grid_spread	5	for (k in first..end) {	denied: condition 1: the loop writes storage outliving the iteration that no exactly associative operation reduces, at set targets = targets +sat 1_i32;
other loop; included for completeness		same function/header; duplicate order	still denied	renderer/layout/grid.wf:1505	grid_spread	6	for (k in first..end) {	denied: condition 1: the loop writes storage outliving the iteration that no exactly associative operation reduces, at set extra = extra -sat bonus;	renderer/layout/grid.wf:1505	grid_spread	6	for (k in first..end) {	denied: condition 1: the loop writes storage outliving the iteration that no exactly associative operation reduces, at set extra = extra -sat bonus;
other loop; included for completeness		same function/header; duplicate order	still denied	renderer/layout/grid.wf:1538	grid_spread_flex	1	for (k in first..end) {	denied: condition 1: the loop writes storage outliving the iteration that no exactly associative operation reduces, at set total = fadd.strict(total, track.flex);	renderer/layout/grid.wf:1538	grid_spread_flex	1	for (k in first..end) {	denied: condition 1: the loop writes storage outliving the iteration that no exactly associative operation reduces, at set total = fadd.strict(total, track.flex);
other loop; included for completeness		same function/header; duplicate order	still denied	renderer/layout/grid.wf:1555	grid_spread_flex	2	for (k in first..end) {	denied: condition 1: the loop writes storage outliving the iteration that no exactly associative operation reduces, at set given = given +sat whole;	renderer/layout/grid.wf:1555	grid_spread_flex	2	for (k in first..end) {	denied: condition 1: the loop writes storage outliving the iteration that no exactly associative operation reduces, at set given = given +sat whole;
other loop; included for completeness		same function/header	still permitted	renderer/layout/grid.wf:1586	grid_merge	1	for (k in first..end) {	permitted: eligible; no accumulator	renderer/layout/grid.wf:1586	grid_merge	1	for (k in first..end) {	permitted: eligible; no accumulator
other loop; included for completeness		same function/header	still permitted	renderer/layout/grid.wf:1598	grid_apply	1	for (k in 0_u64..length) {	permitted: eligible; no accumulator	renderer/layout/grid.wf:1598	grid_apply	1	for (k in 0_u64..length) {	permitted: eligible; no accumulator
other loop; included for completeness		same function/header	still permitted	renderer/layout/grid.wf:1624	grid_touch	1	for (k in first..end) {	permitted: eligible; no accumulator	renderer/layout/grid.wf:1624	grid_touch	1	for (k in first..end) {	permitted: eligible; no accumulator
other loop; included for completeness		same function/header	still denied	renderer/layout/grid.wf:1640	grid_pass	1	for (c in 0_u64..count) {	denied: condition 2: the body writes storage that is neither introduced by the iteration nor the accumulator, at tracks	renderer/layout/grid.wf:1640	grid_pass	1	for (c in 0_u64..count) {	denied: condition 2: the body writes storage that is neither introduced by the iteration nor the accumulator, at tracks
other loop; included for completeness		same function/header; duplicate order	still permitted	renderer/layout/grid.wf:1689	grid_expand_definite	1	for (k in 0_u64..length) {	permitted: eligible; no accumulator	renderer/layout/grid.wf:1689	grid_expand_definite	1	for (k in 0_u64..length) {	permitted: eligible; no accumulator
other loop; included for completeness		same function/header	still denied	renderer/layout/grid.wf:1694	grid_expand_definite	2	for (round in 0_u64..rounds) {	denied: condition 1: the loop writes storage outliving the iteration that no exactly associative operation reduces, at set fraction = fdiv.strict(wide, sum);	renderer/layout/grid.wf:1694	grid_expand_definite	2	for (round in 0_u64..rounds) {	denied: condition 1: the loop writes storage outliving the iteration that no exactly associative operation reduces, at set fraction = fdiv.strict(wide, sum);
other loop; included for completeness		same function/header; duplicate order	still denied	renderer/layout/grid.wf:1699	grid_expand_definite	3	for (k in 0_u64..length) {	denied: condition 1: the loop writes storage outliving the iteration that no exactly associative operation reduces, at set sum = fadd.strict(sum, track.flex);	renderer/layout/grid.wf:1699	grid_expand_definite	3	for (k in 0_u64..length) {	denied: condition 1: the loop writes storage outliving the iteration that no exactly associative operation reduces, at set sum = fadd.strict(sum, track.flex);
other loop; included for completeness		same function/header; duplicate order	still denied	renderer/layout/grid.wf:1723	grid_expand_definite	4	for (k in 0_u64..length) {	denied: condition 1: the loop writes storage outliving the iteration that no exactly associative operation reduces, at set changed = True();	renderer/layout/grid.wf:1723	grid_expand_definite	4	for (k in 0_u64..length) {	denied: condition 1: the loop writes storage outliving the iteration that no exactly associative operation reduces, at set changed = True();
other loop; included for completeness		same function/header; duplicate order	still permitted	renderer/layout/grid.wf:1743	grid_expand_definite	5	for (k in 0_u64..length) {	permitted: eligible; no accumulator	renderer/layout/grid.wf:1743	grid_expand_definite	5	for (k in 0_u64..length) {	permitted: eligible; no accumulator
other loop; included for completeness		same function/header	still denied	renderer/layout/grid.wf:1764	grid_sum_gaps	1	for (k in 1_u64..length) {	denied: condition 1: the loop writes storage outliving the iteration that no exactly associative operation reduces, at set total = total +sat tracks^.inner[k].gap;	renderer/layout/grid.wf:1764	grid_sum_gaps	1	for (k in 1_u64..length) {	denied: condition 1: the loop writes storage outliving the iteration that no exactly associative operation reduces, at set total = total +sat tracks^.inner[k].gap;
other loop; included for completeness		same function/header; duplicate order	still denied	renderer/layout/grid.wf:1774	grid_expand_intrinsic	1	for (k in 0_u64..length) {	denied: condition 1: the loop writes storage outliving the iteration that no exactly associative operation reduces, at set fraction = fmax(fraction, ratio);	renderer/layout/grid.wf:1774	grid_expand_intrinsic	1	for (k in 0_u64..length) {	denied: condition 1: the loop writes storage outliving the iteration that no exactly associative operation reduces, at set fraction = fmax(fraction, ratio);
other loop; included for completeness		same function/header	still denied	renderer/layout/grid.wf:1789	grid_expand_intrinsic	2	for (c in 0_u64..count) {	denied: condition 1: the loop writes storage outliving the iteration that no exactly associative operation reduces, at set fraction = fmax(fraction, share);	renderer/layout/grid.wf:1789	grid_expand_intrinsic	2	for (c in 0_u64..count) {	denied: condition 1: the loop writes storage outliving the iteration that no exactly associative operation reduces, at set fraction = fmax(fraction, share);
other loop; included for completeness		same function/header	still denied	renderer/layout/grid.wf:1808	grid_expand_intrinsic	3	for (k in first..end) {	denied: condition 1: the loop writes storage outliving the iteration that no exactly associative operation reduces, at set sum = fadd.strict(sum, track.flex);	renderer/layout/grid.wf:1808	grid_expand_intrinsic	3	for (k in first..end) {	denied: condition 1: the loop writes storage outliving the iteration that no exactly associative operation reduces, at set sum = fadd.strict(sum, track.flex);
other loop; included for completeness		same function/header; duplicate order	still permitted	renderer/layout/grid.wf:1827	grid_expand_intrinsic	4	for (k in 0_u64..length) {	permitted: eligible; no accumulator	renderer/layout/grid.wf:1827	grid_expand_intrinsic	4	for (k in 0_u64..length) {	permitted: eligible; no accumulator
other loop; included for completeness		same function/header	still permitted	renderer/layout/grid.wf:1846	grid_size	1	for (k in 0_u64..length) {	permitted: eligible; no accumulator	renderer/layout/grid.wf:1846	grid_size	1	for (k in 0_u64..length) {	permitted: eligible; no accumulator
other loop; included for completeness		same function/header	still permitted	renderer/layout/grid.wf:1868	grid_size	2	for (c in 0_u64..count) {	permitted: eligible; one accumulator under imax	renderer/layout/grid.wf:1868	grid_size	2	for (c in 0_u64..count) {	permitted: eligible; one accumulator under imax
other loop; included for completeness		same function/header	still denied	renderer/layout/grid.wf:1879	grid_size	3	for (step in 1_u64..groups) {	denied: condition 2: the body writes storage that is neither introduced by the iteration nor the accumulator, at tracks	renderer/layout/grid.wf:1879	grid_size	3	for (step in 1_u64..groups) {	denied: condition 2: the body writes storage that is neither introduced by the iteration nor the accumulator, at tracks
other loop; included for completeness		same function/header	still permitted	renderer/layout/grid.wf:1927	grid_raise_limits	1	for (k in 0_u64..length) {	permitted: eligible; no accumulator	renderer/layout/grid.wf:1927	grid_raise_limits	1	for (k in 0_u64..length) {	permitted: eligible; no accumulator
other loop; included for completeness		same function/header	still permitted	renderer/layout/grid.wf:1938	grid_clamp_fit	1	for (k in 0_u64..length) {	permitted: eligible; no accumulator	renderer/layout/grid.wf:1938	grid_clamp_fit	1	for (k in 0_u64..length) {	permitted: eligible; no accumulator
other loop; included for completeness		same function/header	still permitted	renderer/layout/grid.wf:1952	grid_close_limits	1	for (k in 0_u64..length) {	permitted: eligible; no accumulator	renderer/layout/grid.wf:1952	grid_close_limits	1	for (k in 0_u64..length) {	permitted: eligible; no accumulator
other loop; included for completeness		same function/header	still permitted	renderer/layout/grid.wf:1967	grid_add_shares	1	for (k in 0_u64..length) {	permitted: eligible; no accumulator	renderer/layout/grid.wf:1967	grid_add_shares	1	for (k in 0_u64..length) {	permitted: eligible; no accumulator
other loop; included for completeness		same function/header	still permitted	renderer/layout/grid.wf:1978	grid_base_to_limit	1	for (k in 0_u64..length) {	permitted: eligible; no accumulator	renderer/layout/grid.wf:1978	grid_base_to_limit	1	for (k in 0_u64..length) {	permitted: eligible; no accumulator
other loop; included for completeness		same function/header	still denied	renderer/layout/grid.wf:2153	grid_any_intrinsic	1	for (k in first..end) {	denied: condition 4: a return leaves the loop	renderer/layout/grid.wf:2153	grid_any_intrinsic	1	for (k in first..end) {	denied: condition 4: a return leaves the loop
other loop; included for completeness		same function/header	still permitted	renderer/layout/grid.wf:2168	grid_mark_needs	1	for (c in 0_u64..count) {	permitted: eligible; no accumulator	renderer/layout/grid.wf:2168	grid_mark_needs	1	for (c in 0_u64..count) {	permitted: eligible; no accumulator
Paged function scope	signature owns Paged: Context	same function/header	still permitted	renderer/layout/grid.wf:2242	grid_mark_baselines	1	for (c in 0_u64..count) {	permitted: eligible; no accumulator	renderer/layout/grid.wf:2242	grid_mark_baselines	1	for (c in 0_u64..count) {	permitted: eligible; no accumulator
Paged function scope	signature owns Paged: Context	same function/header; duplicate order	still denied	renderer/layout/grid.wf:2273	grid_shim_baselines	1	for (c in 0_u64..count) {	denied: condition 2: the body writes storage that is neither introduced by the iteration nor the accumulator, at set tops.inner[at] = larger;	renderer/layout/grid.wf:2273	grid_shim_baselines	1	for (c in 0_u64..count) {	denied: condition 2: the body writes storage that is neither introduced by the iteration nor the accumulator, at set tops.inner[at] = larger;
Paged function scope	signature owns Paged: Context	same function/header; duplicate order	still permitted	renderer/layout/grid.wf:2292	grid_shim_baselines	2	for (c in 0_u64..count) {	permitted: eligible; no accumulator	renderer/layout/grid.wf:2292	grid_shim_baselines	2	for (c in 0_u64..count) {	permitted: eligible; no accumulator
other loop; included for completeness		same function/header	still denied	renderer/layout/grid.wf:2379	grid_position	1	for (k in 0_u64..length) {	denied: condition 1: the loop writes storage outliving the iteration that no exactly associative operation reduces, at set cursor = cursor +sat gap;	renderer/layout/grid.wf:2379	grid_position	1	for (k in 0_u64..length) {	denied: condition 1: the loop writes storage outliving the iteration that no exactly associative operation reduces, at set cursor = cursor +sat gap;
other loop; included for completeness		same function/header	still permitted	renderer/layout/grid.wf:2414	grid_assign	1	for (c in 0_u64..count) {	permitted: eligible; no accumulator	renderer/layout/grid.wf:2414	grid_assign	1	for (c in 0_u64..count) {	permitted: eligible; no accumulator
Paged function scope	signature owns Paged: Context	same function/header	still permitted	renderer/layout/grid.wf:2439	grid_columns_pass	1	for (c in 0_u64..count) {	permitted: eligible; no accumulator	renderer/layout/grid.wf:2439	grid_columns_pass	1	for (c in 0_u64..count) {	permitted: eligible; no accumulator
Paged function scope	signature owns Paged: Context	same function/header	still permitted	renderer/layout/grid.wf:2457	grid_rows_pass	1	for (c in 0_u64..count) {	permitted: eligible; no accumulator	renderer/layout/grid.wf:2457	grid_rows_pass	1	for (c in 0_u64..count) {	permitted: eligible; no accumulator
Paged function scope	signature owns Paged: Context	same function/header	still permitted	renderer/layout/grid.wf:2544	grid_final_pass	1	for (c in 0_u64..count) {	permitted: eligible; no accumulator	renderer/layout/grid.wf:2544	grid_final_pass	1	for (c in 0_u64..count) {	permitted: eligible; no accumulator
Paged function scope	signature owns Paged: Context	same function/header	still denied	renderer/layout/grid.wf:2582	grid_first_baseline	1	for (s in 0_u64..count) {	denied: condition 1: the loop writes storage outliving the iteration that no exactly associative operation reduces, at set best = key;	renderer/layout/grid.wf:2582	grid_first_baseline	1	for (s in 0_u64..count) {	denied: condition 1: the loop writes storage outliving the iteration that no exactly associative operation reduces, at set best = key;
Paged function scope	signature owns Paged: Context; signature accepts a Paged run	same function/header	still permitted	renderer/layout/inline.wf:183	measure	1	for (i in 0_u64..count) {	permitted: eligible; no accumulator	renderer/layout/inline.wf:183	measure	1	for (i in 0_u64..count) {	permitted: eligible; no accumulator
Paged function scope	signature owns Paged: Context; signature accepts a Paged run	same function/header	still denied	renderer/layout/inline.wf:189	measure	2	for (r in 0_u64..runs) {	denied: condition 2: the body writes storage that is neither introduced by the iteration nor the accumulator, at set collapsible.inner[i] = 1_u8;	renderer/layout/inline.wf:189	measure	2	for (r in 0_u64..runs) {	denied: condition 2: the body writes storage that is neither introduced by the iteration nor the accumulator, at set collapsible.inner[i] = 1_u8;
Paged function scope	signature owns Paged: Context; signature accepts a Paged run	same function/header	still permitted	renderer/layout/inline.wf:197	measure	3	for (i in low..high) {	permitted: eligible; no accumulator	renderer/layout/inline.wf:197	measure	3	for (i in low..high) {	permitted: eligible; no accumulator
Paged function scope	signature owns Paged: Context; signature accepts a Paged run	same function/header	still denied	renderer/layout/inline.wf:208	measure	4	for (m in 0_u64..marks) {	denied: condition 2: the body writes storage that is neither introduced by the iteration nor the accumulator, at set opens.inner[at] = fadd.strict(old, start);	renderer/layout/inline.wf:208	measure	4	for (m in 0_u64..marks) {	denied: condition 2: the body writes storage that is neither introduced by the iteration nor the accumulator, at set opens.inner[at] = fadd.strict(old, start);
other loop; included for completeness		same function/header	still denied	renderer/layout/inline.wf:318	next_line	1	for (step in start..count) {	denied: condition 1: the loop writes storage outliving the iteration that no exactly associative operation reduces, at set begin = begin +sat 1_u64;	renderer/layout/inline.wf:318	next_line	1	for (step in start..count) {	denied: condition 1: the loop writes storage outliving the iteration that no exactly associative operation reduces, at set begin = begin +sat 1_u64;
other loop; included for completeness		same function/header	still denied	renderer/layout/inline.wf:337	next_line	2	for (j in begin..count) {	denied: condition 1: the loop writes storage outliving the iteration that no exactly associative operation reduces, at set candidate = j;	renderer/layout/inline.wf:337	next_line	2	for (j in begin..count) {	denied: condition 1: the loop writes storage outliving the iteration that no exactly associative operation reduces, at set candidate = j;
other loop; included for completeness		same function/header	still denied	renderer/layout/inline.wf:397	exclusion_room	1	for (k in 0_u64..count) {	denied: condition 1: the body carries 2 accumulators, and this rule recombines one	renderer/layout/inline.wf:397	exclusion_room	1	for (k in 0_u64..count) {	denied: condition 1: the body carries 2 accumulators, and this rule recombines one
other loop; included for completeness		same function/header	still denied	renderer/layout/inline.wf:415	break_lines	1	for (step in 0_u64..cleared) {	denied: condition 2: the body writes storage that is neither introduced by the iteration nor the accumulator, at &paragraph^.lines.inner	renderer/layout/inline.wf:415	break_lines	1	for (step in 0_u64..cleared) {	denied: condition 2: the body writes storage that is neither introduced by the iteration nor the accumulator, at &paragraph^.lines.inner
other loop; included for completeness		same function/header	still denied	renderer/layout/inline.wf:443	break_lines	2	for (step in 0_u64..count) {	denied: condition 1: the loop writes storage outliving the iteration that no exactly associative operation reduces, at set top = lower;	renderer/layout/inline.wf:443	break_lines	2	for (step in 0_u64..count) {	denied: condition 1: the loop writes storage outliving the iteration that no exactly associative operation reduces, at set top = lower;
other loop; included for completeness		same function/header	still denied	renderer/layout/inline.wf:459	break_lines	3	for (retry in 0_u64..retries) {	denied: condition 1: the loop writes storage outliving the iteration that no exactly associative operation reduces, at set begin = line_begin;	renderer/layout/inline.wf:459	break_lines	3	for (retry in 0_u64..retries) {	denied: condition 1: the loop writes storage outliving the iteration that no exactly associative operation reduces, at set begin = line_begin;
other loop; included for completeness		same function/header	still denied	renderer/layout/inline.wf:630	add_box_rects	1	for (step in 0_u64..at) {	denied: condition 1: the loop writes storage outliving the iteration that no exactly associative operation reduces, at set child = parent;	renderer/layout/inline.wf:630	add_box_rects	1	for (step in 0_u64..at) {	denied: condition 1: the loop writes storage outliving the iteration that no exactly associative operation reduces, at set child = parent;
other loop; included for completeness		same function/header	still denied	renderer/layout/inline.wf:688	framed_inside	1	for (m in 0_u64..count) {	denied: condition 2: the body writes storage that is neither introduced by the iteration nor the accumulator, at set inside.inner[parent_mark] = 1_u8;	renderer/layout/inline.wf:688	framed_inside	1	for (m in 0_u64..count) {	denied: condition 2: the body writes storage that is neither introduced by the iteration nor the accumulator, at set inside.inner[parent_mark] = 1_u8;
other loop; included for completeness		same function/header	still denied	renderer/layout/inline.wf:873	keeps_any	1	for (at in from..to) {	denied: condition 4: a return leaves the loop	renderer/layout/inline.wf:873	keeps_any	1	for (at in from..to) {	denied: condition 4: a return leaves the loop
other loop; included for completeness		same function/header	still denied	renderer/layout/inline.wf:886	preserved_tail	1	for (step in start..end) {	denied: condition 1: the loop writes storage outliving the iteration that no exactly associative operation reduces, at set tail = at;	renderer/layout/inline.wf:886	preserved_tail	1	for (step in start..end) {	denied: condition 1: the loop writes storage outliving the iteration that no exactly associative operation reduces, at set tail = at;
other loop; included for completeness		same function/header	still denied	renderer/layout/inline.wf:943	leading_cut	1	for (r in 0_u64..runs) {	denied: condition 1: the loop writes storage outliving the iteration that no exactly associative operation reduces, at set preserved = bor(pre_wrapped, spaces);	renderer/layout/inline.wf:943	leading_cut	1	for (r in 0_u64..runs) {	denied: condition 1: the loop writes storage outliving the iteration that no exactly associative operation reduces, at set preserved = bor(pre_wrapped, spaces);
other loop; included for completeness		same function/header	still denied	renderer/layout/inline.wf:966	leading_cut	2	for (step in start..count) {	denied: condition 1: the loop writes storage outliving the iteration that no exactly associative operation reduces, at set cut = cut +sat 1_u64;	renderer/layout/inline.wf:966	leading_cut	2	for (step in start..count) {	denied: condition 1: the loop writes storage outliving the iteration that no exactly associative operation reduces, at set cut = cut +sat 1_u64;
Paged function scope	signature owns Paged: Context; signature accepts a Paged run	same function/header	still denied	renderer/layout/inline.wf:1070	finish_lines	1	for (s in 0_u64..segment_count) {	denied: condition 2: the body writes storage that is neither introduced by the iteration nor the accumulator, at set segment_at.inner[k] = named;	renderer/layout/inline.wf:1070	finish_lines	1	for (s in 0_u64..segment_count) {	denied: condition 2: the body writes storage that is neither introduced by the iteration nor the accumulator, at set segment_at.inner[k] = named;
Paged function scope	signature owns Paged: Context; signature accepts a Paged run	same function/header	still permitted	renderer/layout/inline.wf:1079	finish_lines	2	for (k in first..last) {	permitted: eligible; no accumulator	renderer/layout/inline.wf:1079	finish_lines	2	for (k in first..last) {	permitted: eligible; no accumulator
Paged function scope	signature owns Paged: Context; signature accepts a Paged run	same function/header	still denied	renderer/layout/inline.wf:1087	finish_lines	3	for (m in 0_u64..edge_marks) {	denied: condition 2: the body writes storage that is neither introduced by the iteration nor the accumulator, at set edges.inner[first] = 1_u8;	renderer/layout/inline.wf:1087	finish_lines	3	for (m in 0_u64..edge_marks) {	denied: condition 2: the body writes storage that is neither introduced by the iteration nor the accumulator, at set edges.inner[first] = 1_u8;
Paged function scope	signature owns Paged: Context; signature accepts a Paged run	same function/header	still denied	renderer/layout/inline.wf:1117	finish_lines	4	for (step in 0_u64..cleared) {	denied: condition 2: the body writes storage that is neither introduced by the iteration nor the accumulator, at &paragraph^.fragments.inner	renderer/layout/inline.wf:1117	finish_lines	4	for (step in 0_u64..cleared) {	denied: condition 2: the body writes storage that is neither introduced by the iteration nor the accumulator, at &paragraph^.fragments.inner
Paged function scope	signature owns Paged: Context; signature accepts a Paged run	same function/header	still denied	renderer/layout/inline.wf:1125	finish_lines	5	for (step in 0_u64..cleared_atomics) {	denied: condition 2: the body writes storage that is neither introduced by the iteration nor the accumulator, at &paragraph^.atomics.inner	renderer/layout/inline.wf:1125	finish_lines	5	for (step in 0_u64..cleared_atomics) {	denied: condition 2: the body writes storage that is neither introduced by the iteration nor the accumulator, at &paragraph^.atomics.inner
Paged function scope	signature owns Paged: Context; signature accepts a Paged run	same function/header	still denied	renderer/layout/inline.wf:1132	finish_lines	6	for (l in 0_u64..lines) {	denied: condition 1: the loop writes storage outliving the iteration that no exactly associative operation reduces, at set mark = mark +sat 1_u64;	renderer/layout/inline.wf:1132	finish_lines	6	for (l in 0_u64..lines) {	denied: condition 1: the loop writes storage outliving the iteration that no exactly associative operation reduces, at set mark = mark +sat 1_u64;
Paged function scope	signature owns Paged: Context; signature accepts a Paged run	same function/header	still denied	renderer/layout/inline.wf:1145	finish_lines	7	for (k in 0_u64..open_count) {	denied: condition 1: the loop writes storage outliving the iteration that no exactly associative operation reduces, at set parent_group = group;	renderer/layout/inline.wf:1145	finish_lines	7	for (k in 0_u64..open_count) {	denied: condition 1: the loop writes storage outliving the iteration that no exactly associative operation reduces, at set parent_group = group;
Paged function scope	signature owns Paged: Context; signature accepts a Paged run	same function/header	still denied	renderer/layout/inline.wf:1167	finish_lines	8	for (step in start..end) {	denied: condition 1: the loop writes storage outliving the iteration that no exactly associative operation reduces, at set visible_end = last;	renderer/layout/inline.wf:1167	finish_lines	8	for (step in start..end) {	denied: condition 1: the loop writes storage outliving the iteration that no exactly associative operation reduces, at set visible_end = last;
Paged function scope	signature owns Paged: Context; signature accepts a Paged run	same function/header	still denied	renderer/layout/inline.wf:1201	finish_lines	9	for (step in 0_u64..positions) {	denied: condition 1: the loop writes storage outliving the iteration that no exactly associative operation reduces, at set mark = mark +sat 1_u64;	renderer/layout/inline.wf:1201	finish_lines	9	for (step in 0_u64..positions) {	denied: condition 1: the loop writes storage outliving the iteration that no exactly associative operation reduces, at set mark = mark +sat 1_u64;
Paged function scope	signature owns Paged: Context; signature accepts a Paged run	same function/header	still denied	renderer/layout/inline.wf:1205	finish_lines	10	for (scan in mark..marks) {	denied: condition 1: the loop writes storage outliving the iteration that no exactly associative operation reduces, at set mark = mark +sat 1_u64;	renderer/layout/inline.wf:1205	finish_lines	10	for (scan in mark..marks) {	denied: condition 1: the loop writes storage outliving the iteration that no exactly associative operation reduces, at set mark = mark +sat 1_u64;
Paged function scope	signature owns Paged: Context; signature accepts a Paged run	same function/header	still denied	renderer/layout/inline.wf:1506	finish_lines	11	for (step in 0_u64..still_open) {	denied: condition 2: the body writes storage that is neither introduced by the iteration nor the accumulator, at &stack	renderer/layout/inline.wf:1506	finish_lines	11	for (step in 0_u64..still_open) {	denied: condition 2: the body writes storage that is neither introduced by the iteration nor the accumulator, at &stack
Paged function scope	signature owns Paged: Context; signature accepts a Paged run	same function/header	still denied	renderer/layout/inline.wf:1544	finish_lines	12	for (g in 0_u64..group_count) {	denied: condition 1: the body carries 2 accumulators, and this rule recombines one	renderer/layout/inline.wf:1544	finish_lines	12	for (g in 0_u64..group_count) {	denied: condition 1: the body carries 2 accumulators, and this rule recombines one
Paged function scope	signature owns Paged: Context; signature accepts a Paged run	same function/header	still denied	renderer/layout/inline.wf:1578	finish_lines	13	for (k in 0_u64..pending_count) {	denied: condition 2: the body writes storage that is neither introduced by the iteration nor the accumulator, at &paragraph^.fragments	renderer/layout/inline.wf:1578	finish_lines	13	for (k in 0_u64..pending_count) {	denied: condition 2: the body writes storage that is neither introduced by the iteration nor the accumulator, at &paragraph^.fragments
Paged function scope	signature owns Paged: Context; signature accepts a Paged run	same function/header	still denied	renderer/layout/inline.wf:1594	finish_lines	14	for (k in 0_u64..atomic_count) {	denied: condition 2: the body writes storage that is neither introduced by the iteration nor the accumulator, at &paragraph^.atomics	renderer/layout/inline.wf:1594	finish_lines	14	for (k in 0_u64..atomic_count) {	denied: condition 2: the body writes storage that is neither introduced by the iteration nor the accumulator, at &paragraph^.atomics
Paged function scope	signature owns Paged: Context; signature accepts a Paged run	same function/header	still denied	renderer/layout/inline.wf:1628	finish_lines	15	for (k in 0_u64..node_marks) {	denied: condition 2: the body writes storage that is neither introduced by the iteration nor the accumulator, at &paragraph^.fragments	renderer/layout/inline.wf:1628	finish_lines	15	for (k in 0_u64..node_marks) {	denied: condition 2: the body writes storage that is neither introduced by the iteration nor the accumulator, at &paragraph^.fragments
Paged function scope	signature owns Paged: Context; signature accepts a Paged run	same function/header	still denied	renderer/layout/inline.wf:1645	finish_lines	16	for (part in 0_u64..3_u64) {	denied: condition 2: the body writes storage that is neither introduced by the iteration nor the accumulator, at &paragraph^.fragments	renderer/layout/inline.wf:1645	finish_lines	16	for (part in 0_u64..3_u64) {	denied: condition 2: the body writes storage that is neither introduced by the iteration nor the accumulator, at &paragraph^.fragments
Paged function scope	signature owns Paged: Context; signature accepts a Paged run	same function/header	still denied	renderer/layout/inline.wf:1672	finish_lines	17	for (i in lo..hi) {	denied: condition 1: the loop writes storage outliving the iteration that no exactly associative operation reduces, at set width_px = fadd.strict(width_px, advance);	renderer/layout/inline.wf:1672	finish_lines	17	for (i in lo..hi) {	denied: condition 1: the loop writes storage outliving the iteration that no exactly associative operation reduces, at set width_px = fadd.strict(width_px, advance);
baseline only		unmatched: deleted/new or changed header; inspect before classifying	unmatched; classify source change	renderer/layout/pages.wf:4	page_first	1	for (level in 0_u64..4_u64) {	denied: condition 1: the loop writes storage outliving the iteration that no exactly associative operation reduces, at set width = width +sat width;					
Paged function scope	signature owns Paged: Paged; function calls box_paged_new	unmatched: deleted/new or changed header; inspect before classifying	unmatched; classify source change						renderer/layout/pages.wf:32	new_pages	1	for (s in 0_u64..count) {	denied: condition 2: the body writes storage that is neither introduced by the iteration nor the accumulator, at &made.inner
baseline only		unmatched: deleted/new or changed header; inspect before classifying	unmatched; classify source change	renderer/layout/pages.wf:41	new_pages	1	for (page in 0_u64..length) {	denied: condition 2: the body writes storage that is neither introduced by the iteration nor the accumulator, at &directory.inner					
baseline only		unmatched: deleted/new or changed header; inspect before classifying	unmatched; classify source change	renderer/layout/pages.wf:47	new_pages	2	for (page in 0_u64..length) {	denied: condition 2: the body writes storage that is neither introduced by the iteration nor the accumulator, at set directory.inner[page] = move present;					
Paged function scope	signature owns Paged: Paged	unmatched: deleted/new or changed header; inspect before classifying	unmatched; classify source change						renderer/layout/pages.wf:58	slot_write	1	for (s in start..until) {	denied: condition 2: the body writes storage that is neither introduced by the iteration nor the accumulator, at pages
baseline only		unmatched: deleted/new or changed header; inspect before classifying	unmatched; classify source change	renderer/layout/pages.wf:79	page_ensure	1	for (index in start..required) {	denied: condition 2: the body writes storage that is neither introduced by the iteration nor the accumulator, at pointers					
baseline only		unmatched: deleted/new or changed header; inspect before classifying	unmatched; classify source change	renderer/layout/pages.wf:166	page_each	1	for (page in 0_u64..count) {	denied: condition 2: the body writes storage that is neither introduced by the iteration nor the accumulator, at &values^.inner[0_u64..length]					
other loop; included for completeness		same function/header	still denied	renderer/layout/prep.wf:387	add_bytes	1	for (at in 0_u64..count) {	denied: condition 1: the loop writes storage outliving the iteration that no exactly associative operation reduces, at set value = ior(shifted, bits);	renderer/layout/prep.wf:387	add_bytes	1	for (at in 0_u64..count) {	denied: condition 1: the loop writes storage outliving the iteration that no exactly associative operation reduces, at set value = ior(shifted, bits);
other loop; included for completeness		same function/header	still denied	renderer/layout/prep.wf:560	merge_runs	1	for (r in 0_u64..runs) {	denied: condition 1: the loop writes storage outliving the iteration that no exactly associative operation reduces, at set pointer = pointer +sat 1_u64;	renderer/layout/prep.wf:560	merge_runs	1	for (r in 0_u64..runs) {	denied: condition 1: the loop writes storage outliving the iteration that no exactly associative operation reduces, at set pointer = pointer +sat 1_u64;
other loop; included for completeness		same function/header	still denied	renderer/layout/prep.wf:577	merge_runs	2	for (step in pointer..marks) {	denied: condition 1: the loop writes storage outliving the iteration that no exactly associative operation reduces, at set pointer = pointer +sat 1_u64;	renderer/layout/prep.wf:577	merge_runs	2	for (step in pointer..marks) {	denied: condition 1: the loop writes storage outliving the iteration that no exactly associative operation reduces, at set pointer = pointer +sat 1_u64;
other loop; included for completeness		same function/header	still denied	renderer/layout/prep.wf:620	prepare_paragraph	1	for (at in 0_u64..total) {	denied: condition 2: the body writes storage that is neither introduced by the iteration nor the accumulator, at &emit	renderer/layout/prep.wf:620	prepare_paragraph	1	for (at in 0_u64..total) {	denied: condition 2: the body writes storage that is neither introduced by the iteration nor the accumulator, at &emit
Paged function scope	signature owns Paged: Context	same function/header	still permitted	renderer/layout/prep.wf:711	prepare_context	1	for (i in 0_u64..count) {	permitted: eligible; one accumulator under band	renderer/layout/prep.wf:711	prepare_context	1	for (i in 0_u64..count) {	permitted: eligible; one accumulator under band
Paged function scope	signature owns Paged: Context	same function/header	still permitted	renderer/layout/prep.wf:721	prepare_context	2	for (k in 0_u64..children) {	permitted: eligible; one accumulator under band	renderer/layout/prep.wf:721	prepare_context	2	for (k in 0_u64..children) {	permitted: eligible; one accumulator under band
Paged function scope	signature accepts a Paged run	explicit: The old seal_payload_page cell loop and new finish_sequence run loop publish pending Flow payloads into their final owner storage; paging callback replaced by a Run.	still permitted	renderer/layout/sequence.wf:256	seal_payload_page	1	for (offset in 0_u64..values^.len) {	permitted: eligible; no accumulator	renderer/layout/sequence.wf:253	finish_sequence	1	for (s in 0_u64..payloads^.len) {	permitted: eligible; no accumulator
baseline only		unmatched: deleted/new or changed header; inspect before classifying	unmatched; classify source change	renderer/layout/sequence.wf:267	seal_node_page	1	for (offset in 0_u64..values^.len) {	permitted: eligible; no accumulator					
Paged function scope	signature owns Paged: EntryStorage	same function/header	still denied	renderer/layout/sequence.wf:744	prefix_output	1	for (level in 0_u64..64_u64) {	denied: condition 1: the loop writes storage outliving the iteration that no exactly associative operation reduces, at set prefix = joined;	renderer/layout/sequence.wf:685	prefix_output	1	for (level in 0_u64..64_u64) {	denied: condition 1: the loop writes storage outliving the iteration that no exactly associative operation reduces, at set prefix = joined;
Paged function scope	signature owns Paged: EntryStorage	same function/header	still denied	renderer/layout/sequence.wf:767	sequence_select	1	for (level in 0_u64..64_u64) {	denied: condition 1: the loop writes storage outliving the iteration that no exactly associative operation reduces, at set cursor = held.left;	renderer/layout/sequence.wf:708	sequence_select	1	for (level in 0_u64..64_u64) {	denied: condition 1: the loop writes storage outliving the iteration that no exactly associative operation reduces, at set cursor = held.left;
Paged function scope	signature owns Paged: Context	same function/header	still denied	renderer/layout/sequence.wf:853	building_flow_length	1	for (level in 0_u64..limit) {	denied: condition 1: the loop writes storage outliving the iteration that no exactly associative operation reduces, at set total = total +sat context^.blocks.inner[at].entries.pending_events;	renderer/layout/sequence.wf:794	building_flow_length	1	for (level in 0_u64..limit) {	denied: condition 1: the loop writes storage outliving the iteration that no exactly associative operation reduces, at set total = total +sat context^.blocks.inner[at].entries.pending_events;
Paged function scope	signature owns Paged: Context	unmatched: deleted/new or changed header; inspect before classifying	unmatched; classify source change						renderer/layout/sequence.wf:952	seal_context_entries	1	for (s in 0_u64..blocks) {	denied: condition 1: the loop writes storage outliving the iteration that no exactly associative operation reduces, at set total = total +sat count;
Paged function scope	signature owns Paged: Context	explicit: The old finish_tree_sequences block-owner loop and new seal_context_entries block-owner loop both seal each block's pending AVL; new storage argument shares the context pool.	newly denied	renderer/layout/build.wf:2690	finish_tree_sequences	1	for (at in 0_u64..blocks) {	permitted: eligible; no accumulator	renderer/layout/sequence.wf:970	seal_context_entries	2	for (s in 0_u64..blocks) {	denied: condition 2: the body writes storage that is neither introduced by the iteration nor the accumulator, at &context^.storage
Paged function scope	signature owns Paged: Context	unmatched: deleted/new or changed header; inspect before classifying	unmatched; classify source change						renderer/layout/sequence.wf:975	seal_context_entries	3	for (s in 0_u64..blocks) {	denied: condition 2: the body writes storage that is neither introduced by the iteration nor the accumulator, at set context^.blocks.inner[s].entry_slot = slot;
Paged function scope	signature owns Paged: Context	unmatched: deleted/new or changed header; inspect before classifying	unmatched; classify source change						renderer/layout/sequence.wf:981	seal_context_entries	4	for (s in 0_u64..context^.paragraphs.inner.len) {	permitted: eligible; no accumulator
Paged function scope	signature owns Paged: Context	unmatched: deleted/new or changed header; inspect before classifying	unmatched; classify source change						renderer/layout/sequence.wf:985	seal_context_entries	5	for (s in 0_u64..context^.children.inner.len) {	permitted: eligible; no accumulator
Paged function scope	signature owns Paged: Paged	unmatched: deleted/new or changed header; inspect before classifying	unmatched; classify source change						renderer/layout/sequence.wf:996	publish_entry_pool	1	for (s in 0_u64..count) {	denied: condition 2: the body writes storage that is neither introduced by the iteration nor the accumulator, at target
Paged function scope	signature accepts a Paged run	unmatched: deleted/new or changed header; inspect before classifying	unmatched; classify source change						renderer/layout/sequence.wf:1010	publish_entry_run	1	for (s in 0_u64..target^.len) {	permitted: eligible; no accumulator
Paged function scope	signature owns Paged: Layout	same function/header	still denied	renderer/layout/splice.wf:52	splice_owner	1	for (step in 0_u64..limit) {	denied: condition 1: the loop writes storage outliving the iteration that no exactly associative operation reduces, at set found = SpliceOwner(serial: route.serial, block: route.block);	renderer/layout/splice.wf:52	splice_owner	1	for (step in 0_u64..limit) {	denied: condition 1: the loop writes storage outliving the iteration that no exactly associative operation reduces, at set found = SpliceOwner(serial: route.serial, block: route.block);
Paged function scope	signature owns Paged: Context	same function/header	still denied	renderer/layout/splice.wf:178	splice_boundary	1	for (m in 0_u64..marks) {	denied: condition 4: a return leaves the loop	renderer/layout/splice.wf:178	splice_boundary	1	for (m in 0_u64..marks) {	denied: condition 4: a return leaves the loop
Paged function scope	signature owns Paged: Layout	same function/header	still denied	renderer/layout/splice.wf:429	structure_splice	1	for (k in 0_u64..changes) {	denied: condition 4: a return leaves the loop	renderer/layout/splice.wf:429	structure_splice	1	for (k in 0_u64..changes) {	denied: condition 4: a return leaves the loop
Paged function scope	signature owns Paged: Context	same function/header	still permitted	renderer/layout/splice.wf:580	forget_splice_points	1	for (at in 0_u64..children) {	permitted: eligible; no accumulator	renderer/layout/splice.wf:592	forget_splice_points	1	for (at in 0_u64..children) {	permitted: eligible; no accumulator
Paged function scope	signature owns Paged: Context	same function/header	still permitted	renderer/layout/splice_boundary.wf:85	splice_sequence_plan	1	for (at in 0_u64..count) {	permitted: eligible; no accumulator	renderer/layout/splice_boundary.wf:85	splice_sequence_plan	1	for (at in 0_u64..count) {	permitted: eligible; no accumulator
Paged function scope	signature owns Paged: Context	same function/header	still denied	renderer/layout/splice_boundary.wf:134	splice_block_path	1	for (level in 0_u64..limit) {	denied: condition 1: the loop writes storage outliving the iteration that no exactly associative operation reduces, at set cursor = snapshot.parent;	renderer/layout/splice_boundary.wf:134	splice_block_path	1	for (level in 0_u64..limit) {	denied: condition 1: the loop writes storage outliving the iteration that no exactly associative operation reduces, at set cursor = snapshot.parent;
Paged function scope	signature owns Paged: Context,RouteTable	same function/header	still denied	renderer/layout/splice_boundary.wf:275	publish_splice_at	1	for (at in 0_u64..moves) {	denied: condition 2: the body writes storage that is neither introduced by the iteration nor the accumulator, at context	renderer/layout/splice_boundary.wf:275	publish_splice_at	1	for (at in 0_u64..moves) {	denied: condition 2: the body writes storage that is neither introduced by the iteration nor the accumulator, at context
other loop; included for completeness		same function/header	still denied	renderer/layout/splice_publish.wf:33	splice_dom_nodes	1	for (step in 0_u64..limit) {	denied: condition 1: the loop writes storage outliving the iteration that no exactly associative operation reduces, at set cursor = document^.nodes.inner[child_at].links.next_sibling;	renderer/layout/splice_publish.wf:33	splice_dom_nodes	1	for (step in 0_u64..limit) {	denied: condition 1: the loop writes storage outliving the iteration that no exactly associative operation reduces, at set cursor = document^.nodes.inner[child_at].links.next_sibling;
Paged function scope	signature owns Paged: Context,RoutePatch	same function/header	still denied	renderer/layout/splice_publish.wf:77	splice_routes	1	for (at in 0_u64..children) {	denied: condition 4: a propagate leaves the loop	renderer/layout/splice_publish.wf:77	splice_routes	1	for (at in 0_u64..children) {	denied: condition 4: a propagate leaves the loop
Paged function scope	signature owns Paged: Layout,RoutePatch	same function/header	still denied	renderer/layout/splice_publish.wf:92	publish_splice_routes	1	for (k in 0_u64..removed_count) {	denied: condition 2: the body writes storage that is neither introduced by the iteration nor the accumulator, at &layout^.text_units	renderer/layout/splice_publish.wf:92	publish_splice_routes	1	for (k in 0_u64..removed_count) {	denied: condition 2: the body writes storage that is neither introduced by the iteration nor the accumulator, at &layout^.text_units
Paged function scope	signature owns Paged: Layout,RoutePatch	same function/header	still denied	renderer/layout/splice_publish.wf:99	publish_splice_routes	2	for (k in 0_u64..nodes) {	denied: condition 2: the body writes storage that is neither introduced by the iteration nor the accumulator, at &layout^.text_units	renderer/layout/splice_publish.wf:99	publish_splice_routes	2	for (k in 0_u64..nodes) {	denied: condition 2: the body writes storage that is neither introduced by the iteration nor the accumulator, at &layout^.text_units
Paged function scope	signature owns Paged: Layout,RoutePatch	same function/header	still denied	renderer/layout/splice_publish.wf:109	publish_splice_routes	3	for (at in patch^.route_base..route_end) {	denied: condition 2: the body writes storage that is neither introduced by the iteration nor the accumulator, at &layout^.routes	renderer/layout/splice_publish.wf:109	publish_splice_routes	3	for (at in patch^.route_base..route_end) {	denied: condition 2: the body writes storage that is neither introduced by the iteration nor the accumulator, at &layout^.routes
Paged function scope	signature owns Paged: Layout,RoutePatch	same function/header	still denied	renderer/layout/splice_publish.wf:114	publish_splice_routes	4	for (at in patch^.path_base..path_end) {	denied: condition 2: the body writes storage that is neither introduced by the iteration nor the accumulator, at &layout^.paths	renderer/layout/splice_publish.wf:114	publish_splice_routes	4	for (at in patch^.path_base..path_end) {	denied: condition 2: the body writes storage that is neither introduced by the iteration nor the accumulator, at &layout^.paths
Paged function scope	signature owns Paged: Context	same function/header	still denied	renderer/layout/splice_publish.wf:124	relocate_splice	1	for (at in 0_u64..blocks) {	denied: condition 2: the body writes storage that is neither introduced by the iteration nor the accumulator, at &block^.entries.payloads	renderer/layout/splice_publish.wf:130	relocate_splice	1	for (at in 0_u64..blocks) {	denied: condition 2: the body writes storage that is neither introduced by the iteration nor the accumulator, at set block^.entries.root = new_root;
Paged function scope	signature owns Paged: Context	same function/header	still denied	renderer/layout/splice_publish.wf:143	relocate_splice	2	for (at in 0_u64..paragraphs) {	denied: condition 2: the body writes storage that is neither introduced by the iteration nor the accumulator, at set paragraph^.block = input.owner;	renderer/layout/splice_publish.wf:151	relocate_splice	2	for (at in 0_u64..paragraphs) {	denied: condition 2: the body writes storage that is neither introduced by the iteration nor the accumulator, at set paragraph^.block = input.owner;
Paged function scope	signature owns Paged: Context	same function/header	still permitted	renderer/layout/splice_publish.wf:153	relocate_splice	3	for (k in 0_u64..pieces) {	permitted: eligible; no accumulator	renderer/layout/splice_publish.wf:162	relocate_splice	3	for (k in 0_u64..pieces) {	permitted: eligible; no accumulator
Paged function scope	signature owns Paged: Context	same function/header	still permitted	renderer/layout/splice_publish.wf:173	relocate_splice	4	for (k in 0_u64..marks) {	permitted: eligible; no accumulator	renderer/layout/splice_publish.wf:182	relocate_splice	4	for (k in 0_u64..marks) {	permitted: eligible; no accumulator
Paged function scope	signature owns Paged: Context	same function/header	still permitted	renderer/layout/splice_publish.wf:189	relocate_splice	5	for (k in 0_u64..atomics) {	permitted: eligible; no accumulator	renderer/layout/splice_publish.wf:198	relocate_splice	5	for (k in 0_u64..atomics) {	permitted: eligible; no accumulator
Paged function scope	signature owns Paged: Context	same function/header	still denied	renderer/layout/splice_publish.wf:194	relocate_splice	6	for (at in 0_u64..children) {	denied: condition 2: the body writes storage that is neither introduced by the iteration nor the accumulator, at set child^.block = input.owner;	renderer/layout/splice_publish.wf:203	relocate_splice	6	for (at in 0_u64..children) {	denied: condition 2: the body writes storage that is neither introduced by the iteration nor the accumulator, at set child^.block = input.owner;
Paged function scope	signature accepts a Paged run	unmatched: deleted/new or changed header; inspect before classifying	unmatched; classify source change						renderer/layout/splice_publish.wf:229	publish_payload_run	1	for (s in 0_u64..count) {	denied: condition 2: the body writes storage that is neither introduced by the iteration nor the accumulator, at &target^[s]
Paged function scope	signature owns Paged: Context	same function/header	still denied	renderer/layout/splice_publish.wf:225	publish_splice_payloads	1	for (at in 0_u64..blocks) {	denied: condition 2: the body writes storage that is neither introduced by the iteration nor the accumulator, at &context^.blocks	renderer/layout/splice_publish.wf:249	publish_splice_payloads	1	for (at in 0_u64..blocks) {	denied: condition 2: the body writes storage that is neither introduced by the iteration nor the accumulator, at &context^.blocks
Paged function scope	signature owns Paged: Context	same function/header	still denied	renderer/layout/splice_publish.wf:232	publish_splice_payloads	2	for (at in 0_u64..paragraphs) {	denied: condition 2: the body writes storage that is neither introduced by the iteration nor the accumulator, at &context^.paragraphs	renderer/layout/splice_publish.wf:253	publish_splice_payloads	2	for (at in 0_u64..paragraphs) {	denied: condition 2: the body writes storage that is neither introduced by the iteration nor the accumulator, at &context^.paragraphs
Paged function scope	signature owns Paged: Context	same function/header	still denied	renderer/layout/splice_publish.wf:239	publish_splice_payloads	3	for (at in 0_u64..children) {	denied: condition 2: the body writes storage that is neither introduced by the iteration nor the accumulator, at &context^.children	renderer/layout/splice_publish.wf:257	publish_splice_payloads	3	for (at in 0_u64..children) {	denied: condition 2: the body writes storage that is neither introduced by the iteration nor the accumulator, at &context^.children
Paged function scope	signature owns Paged: Context	same function/header	still denied	renderer/layout/splice_publish.wf:262	removed_entries	1	for (k in 0_u64..count) {	denied: condition 2: the body writes storage that is neither introduced by the iteration nor the accumulator, at visits	renderer/layout/splice_publish.wf:290	removed_entries	1	for (k in 0_u64..count) {	denied: condition 2: the body writes storage that is neither introduced by the iteration nor the accumulator, at visits
Paged function scope	signature owns Paged: Context,RouteTable	same function/header	still denied	renderer/layout/splice_publish.wf:287	retire_splice_payloads	1	for (k in 0_u64..count) {	denied: condition 1: the loop writes storage outliving the iteration that no exactly associative operation reduces, at set paragraphs = paragraphs +sat 1_u64;	renderer/layout/splice_publish.wf:319	retire_splice_payloads	1	for (k in 0_u64..count) {	denied: condition 1: the loop writes storage outliving the iteration that no exactly associative operation reduces, at set paragraphs = paragraphs +sat 1_u64;
Paged function scope	signature owns Paged: EntryStorage	same function/header	still denied	renderer/layout/splice_sequence.wf:25	direct_slot	1	for (level in 0_u64..64_u64) {	denied: condition 1: the loop writes storage outliving the iteration that no exactly associative operation reduces, at set cursor = held.left;	renderer/layout/splice_sequence.wf:16	direct_slot	1	for (level in 0_u64..64_u64) {	denied: condition 1: the loop writes storage outliving the iteration that no exactly associative operation reduces, at set cursor = held.left;
Paged function scope	signature owns Paged: EntryStorage	explicit: The old relocate_payload_page loop and new relocate_storage payload loop apply relocate_flow to every private Flow payload before publication.	still permitted	renderer/layout/splice_sequence.wf:180	relocate_payload_page	1	for (at in 0_u64..values^.len) {	permitted: eligible; no accumulator	renderer/layout/splice_sequence.wf:181	relocate_storage	1	for (s in 0_u64..storage^.payloads.inner.len) {	permitted: eligible; no accumulator
Paged function scope	signature owns Paged: EntryStorage	unmatched: deleted/new or changed header; inspect before classifying	unmatched; classify source change						renderer/layout/splice_sequence.wf:185	relocate_storage	2	for (s in 0_u64..storage^.links.inner.len) {	permitted: eligible; no accumulator
Paged function scope	signature owns Paged: EntryStorage	unmatched: deleted/new or changed header; inspect before classifying	unmatched; classify source change						renderer/layout/splice_sequence.wf:193	relocate_storage	3	for (s in 0_u64..storage^.own.inner.len) {	permitted: eligible; no accumulator
baseline only		unmatched: deleted/new or changed header; inspect before classifying	unmatched; classify source change	renderer/layout/splice_sequence.wf:196	relocate_node_page	1	for (at in 0_u64..values^.len) {	permitted: eligible; no accumulator					
Paged function scope	signature owns Paged: EntryStorage	unmatched: deleted/new or changed header; inspect before classifying	unmatched; classify source change						renderer/layout/splice_sequence.wf:197	relocate_storage	4	for (s in 0_u64..storage^.total.inner.len) {	permitted: eligible; no accumulator
other loop; included for completeness		same function/header	still denied	renderer/layout/structure.wf:27	copy_point	1	for (k in 0_u64..count) {	denied: condition 2: the body writes storage that is neither introduced by the iteration nor the accumulator, at &counters	renderer/layout/structure.wf:27	copy_point	1	for (k in 0_u64..count) {	denied: condition 2: the body writes storage that is neither introduced by the iteration nor the accumulator, at &counters
other loop; included for completeness		same function/header	still denied	renderer/layout/structure.wf:39	walk_point	1	for (k in 0_u64..count) {	denied: condition 2: the body writes storage that is neither introduced by the iteration nor the accumulator, at &counters	renderer/layout/structure.wf:39	walk_point	1	for (k in 0_u64..count) {	denied: condition 2: the body writes storage that is neither introduced by the iteration nor the accumulator, at &counters
other loop; included for completeness		same function/header	still permitted	renderer/layout/structure.wf:69	same_point	1	for (k in 0_u64..count) {	permitted: eligible; one accumulator under band	renderer/layout/structure.wf:69	same_point	1	for (k in 0_u64..count) {	permitted: eligible; one accumulator under band
other loop; included for completeness		same function/header	still permitted	renderer/layout/structure.wf:264	retained_outside	1	for (i in 0_u64..bytes) {	permitted: eligible; one accumulator under band	renderer/layout/structure.wf:264	retained_outside	1	for (i in 0_u64..bytes) {	permitted: eligible; one accumulator under band
other loop; included for completeness		same function/header	still permitted	renderer/layout/structure.wf:268	retained_outside	2	for (i in 0_u64..pseudos) {	permitted: eligible; one accumulator under band	renderer/layout/structure.wf:268	retained_outside	2	for (i in 0_u64..pseudos) {	permitted: eligible; one accumulator under band
other loop; included for completeness		same function/header	still denied	renderer/layout/structure.wf:314	inside_element	1	for (step in 0_u64..count) {	denied: condition 1: the loop writes storage outliving the iteration that no exactly associative operation reduces, at set at = parent_of(document: document, node: at);	renderer/layout/structure.wf:314	inside_element	1	for (step in 0_u64..count) {	denied: condition 1: the loop writes storage outliving the iteration that no exactly associative operation reduces, at set at = parent_of(document: document, node: at);
other loop; included for completeness		same function/header	still permitted	renderer/layout/structure.wf:330	changed_outside	1	for (n in 0_u64..count) {	permitted: eligible; one accumulator under bor	renderer/layout/structure.wf:330	changed_outside	1	for (n in 0_u64..count) {	permitted: eligible; one accumulator under bor
Paged function scope	signature owns Paged: RouteTable	same function/header	still denied	renderer/layout/structure.wf:414	relative_steps	1	for (step in 0_u64..count) {	denied: condition 1: the loop writes storage outliving the iteration that no exactly associative operation reduces, at set at = cvt::<u32, u64>(place.parent);	renderer/layout/structure.wf:414	relative_steps	1	for (step in 0_u64..count) {	denied: condition 1: the loop writes storage outliving the iteration that no exactly associative operation reduces, at set at = cvt::<u32, u64>(place.parent);
Paged function scope	signature owns Paged: RouteTable	same function/header	still denied	renderer/layout/structure.wf:428	relative_steps	2	for (back in 0_u64..length) {	denied: condition 2: the body writes storage that is neither introduced by the iteration nor the accumulator, at &steps	renderer/layout/structure.wf:428	relative_steps	2	for (back in 0_u64..length) {	denied: condition 2: the body writes storage that is neither introduced by the iteration nor the accumulator, at &steps
Paged function scope	signature owns Paged: Context	same function/header	still permitted	renderer/layout/structure.wf:494	take_prepared	1	for (k in 0_u64..length) {	permitted: eligible; one accumulator under band	renderer/layout/structure.wf:494	take_prepared	1	for (k in 0_u64..length) {	permitted: eligible; one accumulator under band
other loop; included for completeness		same function/header	still denied	renderer/layout/structure.wf:525	first_text_node	1	for (k in 0_u64..total) {	denied: condition 4: a return leaves the loop	renderer/layout/structure.wf:525	first_text_node	1	for (k in 0_u64..total) {	denied: condition 4: a return leaves the loop
Paged function scope	signature owns Paged: Context,RouteTable	same function/header	still denied	renderer/layout/structure.wf:552	reuse_prepared	1	for (i in 0_u64..count) {	denied: condition 1: the loop writes storage outliving the iteration that no exactly associative operation reduces, at set reused = reused +sat 1_u64;	renderer/layout/structure.wf:552	reuse_prepared	1	for (i in 0_u64..count) {	denied: condition 1: the loop writes storage outliving the iteration that no exactly associative operation reduces, at set reused = reused +sat 1_u64;
Paged function scope	signature owns Paged: Context,RouteTable	same function/header	still denied	renderer/layout/structure.wf:572	reuse_prepared	2	for (k in 0_u64..base_length) {	denied: condition 2: the body writes storage that is neither introduced by the iteration nor the accumulator, at &steps	renderer/layout/structure.wf:572	reuse_prepared	2	for (k in 0_u64..base_length) {	denied: condition 2: the body writes storage that is neither introduced by the iteration nor the accumulator, at &steps
Paged function scope	signature owns Paged: Context,RouteTable	same function/header	still denied	renderer/layout/structure.wf:575	reuse_prepared	3	for (k in 0_u64..tail_length) {	denied: condition 2: the body writes storage that is neither introduced by the iteration nor the accumulator, at &steps	renderer/layout/structure.wf:575	reuse_prepared	3	for (k in 0_u64..tail_length) {	denied: condition 2: the body writes storage that is neither introduced by the iteration nor the accumulator, at &steps
Paged function scope	signature owns Paged: Context,RouteTable	same function/header	still denied	renderer/layout/structure.wf:602	reuse_prepared	4	for (k in 0_u64..children) {	denied: condition 1: the loop writes storage outliving the iteration that no exactly associative operation reduces, at set reused = reused +sat below;	renderer/layout/structure.wf:602	reuse_prepared	4	for (k in 0_u64..children) {	denied: condition 1: the loop writes storage outliving the iteration that no exactly associative operation reduces, at set reused = reused +sat below;
Paged function scope	signature owns Paged: Context	same function/header	still denied	renderer/layout/structure.wf:614	mark_fresh	1	for (i in 0_u64..paragraphs) {	denied: condition 1: the loop writes storage outliving the iteration that no exactly associative operation reduces, at set marked_paragraphs = marked_paragraphs +sat 1_u32;	renderer/layout/structure.wf:614	mark_fresh	1	for (i in 0_u64..paragraphs) {	denied: condition 1: the loop writes storage outliving the iteration that no exactly associative operation reduces, at set marked_paragraphs = marked_paragraphs +sat 1_u32;
Paged function scope	signature owns Paged: Context	same function/header	still permitted	renderer/layout/structure.wf:621	mark_fresh	2	for (k in 0_u64..children) {	permitted: eligible; no accumulator	renderer/layout/structure.wf:621	mark_fresh	2	for (k in 0_u64..children) {	permitted: eligible; no accumulator
Paged function scope	signature owns Paged: Context,RouteTable	same function/header	still denied	renderer/layout/structure.wf:715	retire_tree	1	for (k in 0_u64..count) {	denied: condition 2: the body writes storage that is neither introduced by the iteration nor the accumulator, at paths	renderer/layout/structure.wf:715	retire_tree	1	for (k in 0_u64..count) {	denied: condition 2: the body writes storage that is neither introduced by the iteration nor the accumulator, at paths
Paged function scope	signature owns Paged: Layout,RouteTable	same function/header	still denied	renderer/layout/structure.wf:748	retain_routes	1	for (n in 0_u64..nodes) {	denied: condition 2: the body writes storage that is neither introduced by the iteration nor the accumulator, at uses	renderer/layout/structure.wf:748	retain_routes	1	for (n in 0_u64..nodes) {	denied: condition 2: the body writes storage that is neither introduced by the iteration nor the accumulator, at uses
Paged function scope	signature owns Paged: Layout,RouteTable	same function/header	still denied	renderer/layout/structure.wf:752	retain_routes	2	for (step in 0_u64..total) {	denied: condition 1: the loop writes storage outliving the iteration that no exactly associative operation reduces, at set cursor = held.next;	renderer/layout/structure.wf:752	retain_routes	2	for (step in 0_u64..total) {	denied: condition 1: the loop writes storage outliving the iteration that no exactly associative operation reduces, at set cursor = held.next;
Paged function scope	signature owns Paged: Layout	same function/header; duplicate order	still denied	renderer/layout/structure.wf:808	structure_changed	1	for (step in 0_u64..nodes) {	denied: condition 1: the loop writes storage outliving the iteration that no exactly associative operation reduces, at set element = at;	renderer/layout/structure.wf:808	structure_changed	1	for (step in 0_u64..nodes) {	denied: condition 1: the loop writes storage outliving the iteration that no exactly associative operation reduces, at set element = at;
Paged function scope	signature owns Paged: Layout	same function/header	still denied	renderer/layout/structure.wf:883	structure_changed	2	for (k in 0_u64..previous_paths) {	denied: condition 4: a propagate leaves the loop	renderer/layout/structure.wf:883	structure_changed	2	for (k in 0_u64..previous_paths) {	denied: condition 4: a propagate leaves the loop
Paged function scope	signature owns Paged: Layout	same function/header; duplicate order	still denied	renderer/layout/structure.wf:892	structure_changed	3	for (k in 0_u64..nodes) {	denied: condition 2: the body writes storage that is neither introduced by the iteration nor the accumulator, at &listing	renderer/layout/structure.wf:892	structure_changed	3	for (k in 0_u64..nodes) {	denied: condition 2: the body writes storage that is neither introduced by the iteration nor the accumulator, at &listing
other loop; included for completeness		same function/header	still permitted	renderer/layout/style_update.wf:36	same_content_items	1	for (i in 0_u64..count) {	permitted: eligible; one accumulator under band	renderer/layout/style_update.wf:36	same_content_items	1	for (i in 0_u64..count) {	permitted: eligible; one accumulator under band
other loop; included for completeness		same function/header	still permitted	renderer/layout/style_update.wf:85	same_counter_items	1	for (i in 0_u64..count) {	permitted: eligible; one accumulator under band	renderer/layout/style_update.wf:85	same_counter_items	1	for (i in 0_u64..count) {	permitted: eligible; one accumulator under band
other loop; included for completeness		same function/header	still permitted	renderer/layout/style_update.wf:134	same_quote_items	1	for (i in 0_u64..count) {	permitted: eligible; one accumulator under band	renderer/layout/style_update.wf:134	same_quote_items	1	for (i in 0_u64..count) {	permitted: eligible; one accumulator under band
other loop; included for completeness		same function/header	still permitted	renderer/layout/style_update.wf:225	retained_styles	1	for (k in 0_u64..nodes) {	permitted: eligible; one accumulator under band	renderer/layout/style_update.wf:225	retained_styles	1	for (k in 0_u64..nodes) {	permitted: eligible; one accumulator under band
other loop; included for completeness		same function/header	still permitted	renderer/layout/style_update.wf:229	retained_styles	2	for (i in 0_u64..bytes) {	permitted: eligible; one accumulator under band	renderer/layout/style_update.wf:229	retained_styles	2	for (i in 0_u64..bytes) {	permitted: eligible; one accumulator under band
other loop; included for completeness		same function/header	still permitted	renderer/layout/style_update.wf:233	retained_styles	3	for (i in 0_u64..elements) {	permitted: eligible; one accumulator under band	renderer/layout/style_update.wf:233	retained_styles	3	for (i in 0_u64..elements) {	permitted: eligible; one accumulator under band
other loop; included for completeness		same function/header	still permitted	renderer/layout/style_update.wf:239	retained_styles	4	for (i in 0_u64..pseudos) {	permitted: eligible; one accumulator under band	renderer/layout/style_update.wf:239	retained_styles	4	for (i in 0_u64..pseudos) {	permitted: eligible; one accumulator under band
other loop; included for completeness		same function/header	still permitted	renderer/layout/style_update.wf:286	mark_style_paragraph	1	for (i in 0_u64..count) {	permitted: eligible; one accumulator under bor	renderer/layout/style_update.wf:286	mark_style_paragraph	1	for (i in 0_u64..count) {	permitted: eligible; one accumulator under bor
Paged function scope	signature accepts a Paged run	same function/header	still permitted	renderer/layout/style_update.wf:300	paragraph_mark_count	1	for (i in 0_u64..length) {	permitted: eligible; one accumulator under +wrap	renderer/layout/style_update.wf:300	paragraph_mark_count	1	for (i in 0_u64..length) {	permitted: eligible; one accumulator under +wrap
Paged function scope	signature accepts a Paged run	same function/header	still permitted	renderer/layout/style_update.wf:312	paragraph_mark_index	1	for (i in 0_u64..length) {	permitted: eligible; one accumulator under imax	renderer/layout/style_update.wf:312	paragraph_mark_index	1	for (i in 0_u64..length) {	permitted: eligible; one accumulator under imax
Paged function scope	signature owns Paged: Context; signature accepts a Paged run	same function/header	still permitted	renderer/layout/style_update.wf:325	child_mark_count	1	for (i in 0_u64..length) {	permitted: eligible; one accumulator under +wrap	renderer/layout/style_update.wf:325	child_mark_count	1	for (i in 0_u64..length) {	permitted: eligible; one accumulator under +wrap
Paged function scope	signature owns Paged: Context; signature accepts a Paged run	same function/header	still permitted	renderer/layout/style_update.wf:337	child_mark_index	1	for (i in 0_u64..length) {	permitted: eligible; one accumulator under imax	renderer/layout/style_update.wf:337	child_mark_index	1	for (i in 0_u64..length) {	permitted: eligible; one accumulator under imax
Paged function scope	signature owns Paged: Context; signature accepts a Paged run	same function/header	still permitted	renderer/layout/style_update.wf:350	child_style_change	1	for (i in 0_u64..length) {	permitted: eligible; one accumulator under bor	renderer/layout/style_update.wf:350	child_style_change	1	for (i in 0_u64..length) {	permitted: eligible; one accumulator under bor
Paged function scope	signature owns Paged: Context	same function/header	still permitted	renderer/layout/style_update.wf:362	mark_style_context	1	for (i in 0_u64..blocks) {	permitted: eligible; one accumulator under bor	renderer/layout/style_update.wf:362	mark_style_context	1	for (i in 0_u64..blocks) {	permitted: eligible; one accumulator under bor
Paged function scope	signature owns Paged: Context	same function/header	still permitted	renderer/layout/style_update.wf:367	mark_style_context	2	for (i in 0_u64..rows) {	permitted: eligible; one accumulator under bor	renderer/layout/style_update.wf:367	mark_style_context	2	for (i in 0_u64..rows) {	permitted: eligible; one accumulator under bor
Paged function scope	signature owns Paged: Context	same function/header	still permitted	renderer/layout/style_update.wf:375	mark_style_context	3	for (i in 0_u64..columns) {	permitted: eligible; one accumulator under bor	renderer/layout/style_update.wf:375	mark_style_context	3	for (i in 0_u64..columns) {	permitted: eligible; one accumulator under bor
Paged function scope	signature owns Paged: Context	same function/header	still permitted	renderer/layout/style_update.wf:387	mark_style_context	4	for (i in 0_u64..paragraphs) {	permitted: eligible; no accumulator	renderer/layout/style_update.wf:387	mark_style_context	4	for (i in 0_u64..paragraphs) {	permitted: eligible; no accumulator
Paged function scope	signature owns Paged: Context	same function/header	still permitted	renderer/layout/style_update.wf:391	mark_style_context	5	for (i in 0_u64..children) {	permitted: eligible; no accumulator	renderer/layout/style_update.wf:391	mark_style_context	5	for (i in 0_u64..children) {	permitted: eligible; no accumulator
other loop; included for completeness		same function/header	still permitted	renderer/layout/style_update.wf:422	supported_attribute	1	for (i in 0_u64..count) {	permitted: eligible; one accumulator under bor	renderer/layout/style_update.wf:422	supported_attribute	1	for (i in 0_u64..count) {	permitted: eligible; one accumulator under bor
other loop; included for completeness		same function/header	still permitted	renderer/layout/style_update.wf:449	content_reads_attribute	1	for (i in first..end) {	permitted: eligible; one accumulator under bor	renderer/layout/style_update.wf:449	content_reads_attribute	1	for (i in first..end) {	permitted: eligible; one accumulator under bor
other loop; included for completeness		same function/header	still permitted	renderer/layout/style_update.wf:481	retained_pseudo_attributes	1	for (i in 0_u64..total) {	permitted: eligible; one accumulator under band	renderer/layout/style_update.wf:481	retained_pseudo_attributes	1	for (i in 0_u64..total) {	permitted: eligible; one accumulator under band
other loop; included for completeness		same function/header	still permitted	renderer/layout/style_update.wf:496	retained_attributes	1	for (i in 0_u64..count) {	permitted: eligible; one accumulator under band	renderer/layout/style_update.wf:496	retained_attributes	1	for (i in 0_u64..count) {	permitted: eligible; one accumulator under band
other loop; included for completeness		same function/header	still permitted	renderer/layout/style_update.wf:504	retained_attributes	2	for (i in 0_u64..old_count) {	permitted: eligible; one accumulator under band	renderer/layout/style_update.wf:504	retained_attributes	2	for (i in 0_u64..old_count) {	permitted: eligible; one accumulator under band
other loop; included for completeness		same function/header	still permitted	renderer/layout/style_update.wf:509	retained_attributes	3	for (i in 0_u64..new_count) {	permitted: eligible; one accumulator under band	renderer/layout/style_update.wf:509	retained_attributes	3	for (i in 0_u64..new_count) {	permitted: eligible; one accumulator under band
Paged function scope	signature owns Paged: Layout	same function/header	still permitted	renderer/layout/style_update.wf:536	styles_changed	1	for (i in 0_u64..length) {	permitted: eligible; one accumulator under bor	renderer/layout/style_update.wf:536	styles_changed	1	for (i in 0_u64..length) {	permitted: eligible; one accumulator under bor
Paged function scope	signature owns Paged: Context	same function/header	still denied	renderer/layout/style_update.wf:556	block_depth	1	for (step in 0_u64..count) {	denied: condition 1: the loop writes storage outliving the iteration that no exactly associative operation reduces, at set depth = depth +sat 1_u64;	renderer/layout/style_update.wf:556	block_depth	1	for (step in 0_u64..count) {	denied: condition 1: the loop writes storage outliving the iteration that no exactly associative operation reduces, at set depth = depth +sat 1_u64;
Paged function scope	signature owns Paged: Context	same function/header	still denied	renderer/layout/style_update.wf:575	common_restyled_block	1	for (step in 0_u64..count) {	denied: condition 1: the loop writes storage outliving the iteration that no exactly associative operation reduces, at set left = context^.blocks.inner[at].parent;	renderer/layout/style_update.wf:575	common_restyled_block	1	for (step in 0_u64..count) {	denied: condition 1: the loop writes storage outliving the iteration that no exactly associative operation reduces, at set left = context^.blocks.inner[at].parent;
other loop; included for completeness		same function/header	still denied	renderer/layout/style_update.wf:631	paragraph_reads	1	for (i in 0_u64..count) {	denied: condition 4: a return leaves the loop	renderer/layout/style_update.wf:631	paragraph_reads	1	for (i in 0_u64..count) {	denied: condition 4: a return leaves the loop
Paged function scope	signature owns Paged: Layout	same function/header	still denied	renderer/layout/style_update.wf:723	styles_restyled	1	for (k in 0_u64..count) {	denied: condition 2: the body writes storage that is neither introduced by the iteration nor the accumulator, at set layout^.dirty = True();	renderer/layout/style_update.wf:723	styles_restyled	1	for (k in 0_u64..count) {	denied: condition 2: the body writes storage that is neither introduced by the iteration nor the accumulator, at set layout^.dirty = True();
Paged function scope	signature owns Paged: Layout	same function/header	still denied	renderer/layout/style_update.wf:736	styles_restyled	2	for (step in 0_u64..total) {	denied: condition 1: the loop writes storage outliving the iteration that no exactly associative operation reduces, at set cursor = found.next;	renderer/layout/style_update.wf:736	styles_restyled	2	for (step in 0_u64..total) {	denied: condition 1: the loop writes storage outliving the iteration that no exactly associative operation reduces, at set cursor = found.next;
Paged function scope	signature owns Paged: Context	same function/header	still denied	renderer/layout/table.wf:56	measure_cells	1	for (i in 0_u64..cells) {	denied: condition 2: the body writes storage that is neither introduced by the iteration nor the accumulator, at items	renderer/layout/table.wf:56	measure_cells	1	for (i in 0_u64..cells) {	denied: condition 2: the body writes storage that is neither introduced by the iteration nor the accumulator, at items
Paged function scope	signature owns Paged: Context	same function/header	still denied	renderer/layout/table.wf:138	prepare_table	1	for (i in 0_u64..cells) {	denied: condition 2: the body writes storage that is neither introduced by the iteration nor the accumulator, at &kinds	renderer/layout/table.wf:138	prepare_table	1	for (i in 0_u64..cells) {	denied: condition 2: the body writes storage that is neither introduced by the iteration nor the accumulator, at &kinds
Paged function scope	signature owns Paged: Context	same function/header	still permitted	renderer/layout/table.wf:174	prepare_table	2	for (k in 0_u64..children) {	permitted: eligible; no accumulator	renderer/layout/table.wf:174	prepare_table	2	for (k in 0_u64..children) {	permitted: eligible; no accumulator
Paged function scope	signature owns Paged: Context	same function/header	still permitted	renderer/layout/table.wf:205	captions_minimum	1	for (n in 0_u64..count) {	permitted: eligible; one accumulator under imax	renderer/layout/table.wf:205	captions_minimum	1	for (n in 0_u64..count) {	permitted: eligible; one accumulator under imax
Paged function scope	signature owns Paged: Context	same function/header	still denied	renderer/layout/table.wf:308	table_first_baseline	1	for (k in 0_u64..items) {	denied: condition 4: a return leaves the loop	renderer/layout/table.wf:308	table_first_baseline	1	for (k in 0_u64..items) {	denied: condition 4: a return leaves the loop
other loop; included for completeness		same function/header	still denied	renderer/layout/table.wf:442	track_sum	1	for (r in first..end) {	denied: condition 1: the loop writes storage outliving the iteration that no exactly associative operation reduces, at set sum = sum +sat track.size;	renderer/layout/table.wf:442	track_sum	1	for (r in first..end) {	denied: condition 1: the loop writes storage outliving the iteration that no exactly associative operation reduces, at set sum = sum +sat track.size;
other loop; included for completeness		same function/header; duplicate order	still denied	renderer/layout/table.wf:456	grow_tracks	1	for (r in first..end) {	denied: condition 1: the loop writes storage outliving the iteration that no exactly associative operation reduces, at set eligible = eligible +sat 1_u64;	renderer/layout/table.wf:456	grow_tracks	1	for (r in first..end) {	denied: condition 1: the loop writes storage outliving the iteration that no exactly associative operation reduces, at set eligible = eligible +sat 1_u64;
other loop; included for completeness		same function/header; duplicate order	still denied	renderer/layout/table.wf:466	grow_tracks	2	for (r in first..end) {	denied: condition 1: the loop writes storage outliving the iteration that no exactly associative operation reduces, at set total = total +sat weight;	renderer/layout/table.wf:466	grow_tracks	2	for (r in first..end) {	denied: condition 1: the loop writes storage outliving the iteration that no exactly associative operation reduces, at set total = total +sat weight;
other loop; included for completeness		same function/header; duplicate order	still denied	renderer/layout/table.wf:484	grow_tracks	3	for (r in first..end) {	denied: condition 2: the body writes storage that is neither introduced by the iteration nor the accumulator, at weights	renderer/layout/table.wf:484	grow_tracks	3	for (r in first..end) {	denied: condition 2: the body writes storage that is neither introduced by the iteration nor the accumulator, at weights
other loop; included for completeness		same function/header; duplicate order	still denied	renderer/layout/table.wf:501	grow_tracks	4	for (r in first..end) {	denied: condition 2: the body writes storage that is neither introduced by the iteration nor the accumulator, at tracks	renderer/layout/table.wf:501	grow_tracks	4	for (r in first..end) {	denied: condition 2: the body writes storage that is neither introduced by the iteration nor the accumulator, at tracks
Paged function scope	signature owns Paged: Context	same function/header; duplicate order	still denied	renderer/layout/table.wf:514	measure_rows	1	for (r in 0_u64..rows) {	denied: condition 2: the body writes storage that is neither introduced by the iteration nor the accumulator, at tracks	renderer/layout/table.wf:514	measure_rows	1	for (r in 0_u64..rows) {	denied: condition 2: the body writes storage that is neither introduced by the iteration nor the accumulator, at tracks
Paged function scope	signature owns Paged: Context	same function/header; duplicate order	still denied	renderer/layout/table.wf:532	measure_rows	2	for (i in 0_u64..count) {	denied: condition 2: the body writes storage that is neither introduced by the iteration nor the accumulator, at natural	renderer/layout/table.wf:532	measure_rows	2	for (i in 0_u64..count) {	denied: condition 2: the body writes storage that is neither introduced by the iteration nor the accumulator, at natural
Paged function scope	signature owns Paged: Context	same function/header; duplicate order	still denied	renderer/layout/table.wf:586	measure_rows	3	for (r in 0_u64..rows) {	denied: condition 2: the body writes storage that is neither introduced by the iteration nor the accumulator, at tracks	renderer/layout/table.wf:586	measure_rows	3	for (r in 0_u64..rows) {	denied: condition 2: the body writes storage that is neither introduced by the iteration nor the accumulator, at tracks
Paged function scope	signature owns Paged: Context	same function/header	still denied	renderer/layout/table.wf:596	measure_rows	4	for (span in first_span..last_span) {	denied: condition 2: the body writes storage that is neither introduced by the iteration nor the accumulator, at tracks	renderer/layout/table.wf:596	measure_rows	4	for (span in first_span..last_span) {	denied: condition 2: the body writes storage that is neither introduced by the iteration nor the accumulator, at tracks
Paged function scope	signature owns Paged: Context	same function/header; duplicate order	still denied	renderer/layout/table.wf:597	measure_rows	5	for (i in 0_u64..count) {	denied: condition 2: the body writes storage that is neither introduced by the iteration nor the accumulator, at tracks	renderer/layout/table.wf:597	measure_rows	5	for (i in 0_u64..count) {	denied: condition 2: the body writes storage that is neither introduced by the iteration nor the accumulator, at tracks
Paged function scope	signature owns Paged: Context	same function/header	still denied	renderer/layout/table.wf:625	apply_group_heights	1	for (r in 0_u64..rows) {	denied: condition 2: the body writes storage that is neither introduced by the iteration nor the accumulator, at tracks	renderer/layout/table.wf:625	apply_group_heights	1	for (r in 0_u64..rows) {	denied: condition 2: the body writes storage that is neither introduced by the iteration nor the accumulator, at tracks
Paged function scope	signature owns Paged: Context	same function/header	still denied	renderer/layout/table.wf:640	apply_group_heights	2	for (k in first_after..rows) {	denied: condition 1: the loop writes storage outliving the iteration that no exactly associative operation reduces, at set end = k +sat 1_u64;	renderer/layout/table.wf:640	apply_group_heights	2	for (k in first_after..rows) {	denied: condition 1: the loop writes storage outliving the iteration that no exactly associative operation reduces, at set end = k +sat 1_u64;
Paged function scope	signature owns Paged: Context	same function/header	still denied	renderer/layout/table.wf:702	lay_out_table	1	for (c in 0_u64..columns) {	denied: condition 1: the loop writes storage outliving the iteration that no exactly associative operation reduces, at set edge = start +sat col.width;	renderer/layout/table.wf:702	lay_out_table	1	for (c in 0_u64..columns) {	denied: condition 1: the loop writes storage outliving the iteration that no exactly associative operation reduces, at set edge = start +sat col.width;
Paged function scope	signature owns Paged: Context	same function/header; duplicate order	still denied	renderer/layout/table.wf:725	lay_out_table	2	for (i in 0_u64..items) {	denied: condition 2: the body writes storage that is neither introduced by the iteration nor the accumulator, at &forced	renderer/layout/table.wf:725	lay_out_table	2	for (i in 0_u64..items) {	denied: condition 2: the body writes storage that is neither introduced by the iteration nor the accumulator, at &forced
Paged function scope	signature owns Paged: Context	same function/header; duplicate order	still permitted	renderer/layout/table.wf:747	lay_out_table	3	for (k in 0_u64..children) {	permitted: eligible; no accumulator	renderer/layout/table.wf:747	lay_out_table	3	for (k in 0_u64..children) {	permitted: eligible; no accumulator
Paged function scope	signature owns Paged: Context	same function/header; duplicate order	still denied	renderer/layout/table.wf:754	lay_out_table	4	for (r in 0_u64..rows) {	denied: condition 2: the body writes storage that is neither introduced by the iteration nor the accumulator, at &tracks	renderer/layout/table.wf:754	lay_out_table	4	for (r in 0_u64..rows) {	denied: condition 2: the body writes storage that is neither introduced by the iteration nor the accumulator, at &tracks
Paged function scope	signature owns Paged: Context	same function/header; duplicate order	still denied	renderer/layout/table.wf:766	lay_out_table	5	for (n in 0_u64..captions) {	denied: condition 1: the loop writes storage outliving the iteration that no exactly associative operation reduces, at set bottom_captions = bottom_captions +sat outer;	renderer/layout/table.wf:766	lay_out_table	5	for (n in 0_u64..captions) {	denied: condition 1: the loop writes storage outliving the iteration that no exactly associative operation reduces, at set bottom_captions = bottom_captions +sat outer;
Paged function scope	signature owns Paged: Context	same function/header; duplicate order	still denied	renderer/layout/table.wf:829	lay_out_table	6	for (r in 0_u64..rows) {	denied: condition 1: the loop writes storage outliving the iteration that no exactly associative operation reduces, at set y_cursor = after +sat table.spacing_v;	renderer/layout/table.wf:829	lay_out_table	6	for (r in 0_u64..rows) {	denied: condition 1: the loop writes storage outliving the iteration that no exactly associative operation reduces, at set y_cursor = after +sat table.spacing_v;
Paged function scope	signature owns Paged: Context	same function/header; duplicate order	still denied	renderer/layout/table.wf:844	lay_out_table	7	for (i in 0_u64..items) {	denied: condition 2: the body writes storage that is neither introduced by the iteration nor the accumulator, at set context^.children.inner[item.child].normal_x = left;	renderer/layout/table.wf:844	lay_out_table	7	for (i in 0_u64..items) {	denied: condition 2: the body writes storage that is neither introduced by the iteration nor the accumulator, at set context^.children.inner[item.child].normal_x = left;
Paged function scope	signature owns Paged: Context	same function/header; duplicate order	still permitted	renderer/layout/table.wf:898	lay_out_table	8	for (k in 0_u64..children) {	permitted: eligible; no accumulator	renderer/layout/table.wf:898	lay_out_table	8	for (k in 0_u64..children) {	permitted: eligible; no accumulator
Paged function scope	signature owns Paged: Context	same function/header; duplicate order	still denied	renderer/layout/table.wf:907	lay_out_table	9	for (i in 0_u64..items) {	denied: condition 2: the body writes storage that is neither introduced by the iteration nor the accumulator, at &context^.children.inner[cell]	renderer/layout/table.wf:907	lay_out_table	9	for (i in 0_u64..items) {	denied: condition 2: the body writes storage that is neither introduced by the iteration nor the accumulator, at &context^.children.inner[cell]
Paged function scope	signature owns Paged: Context	same function/header; duplicate order	still denied	renderer/layout/table.wf:922	lay_out_table	10	for (n in 0_u64..captions) {	denied: condition 1: the loop writes storage outliving the iteration that no exactly associative operation reduces, at set bottom_cursor = after +sat context^.children.inner[child].margin_bottom;	renderer/layout/table.wf:922	lay_out_table	10	for (n in 0_u64..captions) {	denied: condition 1: the loop writes storage outliving the iteration that no exactly associative operation reduces, at set bottom_cursor = after +sat context^.children.inner[child].margin_bottom;
Paged function scope	signature owns Paged: Context	same function/header	still denied	renderer/layout/table.wf:1015	add_row_fragments	1	for (r in 0_u64..rows) {	denied: condition 2: the body writes storage that is neither introduced by the iteration nor the accumulator, at context	renderer/layout/table.wf:1015	add_row_fragments	1	for (r in 0_u64..rows) {	denied: condition 2: the body writes storage that is neither introduced by the iteration nor the accumulator, at context
Paged function scope	signature owns Paged: Context	same function/header	still denied	renderer/layout/table.wf:1036	add_row_fragments	2	for (k in r..rows) {	denied: condition 1: the loop writes storage outliving the iteration that no exactly associative operation reduces, at set bottom = reached.y +sat reached.size;	renderer/layout/table.wf:1036	add_row_fragments	2	for (k in r..rows) {	denied: condition 1: the loop writes storage outliving the iteration that no exactly associative operation reduces, at set bottom = reached.y +sat reached.size;
Paged function scope	signature owns Paged: Context	same function/header	still denied	renderer/layout/table.wf:1080	add_column_fragments	1	for (c in 0_u64..columns) {	denied: condition 2: the body writes storage that is neither introduced by the iteration nor the accumulator, at context	renderer/layout/table.wf:1080	add_column_fragments	1	for (c in 0_u64..columns) {	denied: condition 2: the body writes storage that is neither introduced by the iteration nor the accumulator, at context
Paged function scope	signature owns Paged: Context	same function/header; duplicate order	still denied	renderer/layout/table.wf:1097	add_column_fragments	2	for (k in c..columns) {	denied: condition 1: the loop writes storage outliving the iteration that no exactly associative operation reduces, at set right = reached.x +sat reached.width;	renderer/layout/table.wf:1097	add_column_fragments	2	for (k in c..columns) {	denied: condition 1: the loop writes storage outliving the iteration that no exactly associative operation reduces, at set right = reached.x +sat reached.width;
Paged function scope	signature owns Paged: Context	same function/header; duplicate order	still denied	renderer/layout/table.wf:1129	add_column_fragments	3	for (k in c..columns) {	denied: condition 1: the loop writes storage outliving the iteration that no exactly associative operation reduces, at set right = reached.x +sat reached.width;	renderer/layout/table.wf:1129	add_column_fragments	3	for (k in c..columns) {	denied: condition 1: the loop writes storage outliving the iteration that no exactly associative operation reduces, at set right = reached.x +sat reached.width;
other loop; included for completeness		same function/header	still denied	renderer/layout/tableborders.wf:33	merge_vertical	1	for (r in first..end) {	denied: condition 2: the body writes storage that is neither introduced by the iteration nor the accumulator, at vedge	renderer/layout/tableborders.wf:33	merge_vertical	1	for (r in first..end) {	denied: condition 2: the body writes storage that is neither introduced by the iteration nor the accumulator, at vedge
other loop; included for completeness		same function/header	still denied	renderer/layout/tableborders.wf:44	merge_horizontal	1	for (c in first..end) {	denied: condition 2: the body writes storage that is neither introduced by the iteration nor the accumulator, at hedge	renderer/layout/tableborders.wf:44	merge_horizontal	1	for (c in first..end) {	denied: condition 2: the body writes storage that is neither introduced by the iteration nor the accumulator, at hedge
other loop; included for completeness		same function/header	still permitted	renderer/layout/tableborders.wf:54	widest_vertical	1	for (r in first..end) {	permitted: eligible; one accumulator under imax	renderer/layout/tableborders.wf:54	widest_vertical	1	for (r in first..end) {	permitted: eligible; one accumulator under imax
other loop; included for completeness		same function/header	still permitted	renderer/layout/tableborders.wf:67	widest_horizontal	1	for (c in first..end) {	permitted: eligible; one accumulator under imax	renderer/layout/tableborders.wf:67	widest_horizontal	1	for (c in first..end) {	permitted: eligible; one accumulator under imax
Paged function scope	signature owns Paged: Context	same function/header	still denied	renderer/layout/tableborders.wf:97	separate_borders	1	for (i in 0_u64..cells) {	denied: condition 2: the body writes storage that is neither introduced by the iteration nor the accumulator, at set edges^.inner[i] = own;	renderer/layout/tableborders.wf:97	separate_borders	1	for (i in 0_u64..cells) {	denied: condition 2: the body writes storage that is neither introduced by the iteration nor the accumulator, at set edges^.inner[i] = own;
Paged function scope	signature owns Paged: Context	same function/header	still denied	renderer/layout/tableborders.wf:127	collapse_borders	1	for (c in 0_u64..columns) {	denied: condition 2: the body writes storage that is neither introduced by the iteration nor the accumulator, at &vedge	renderer/layout/tableborders.wf:127	collapse_borders	1	for (c in 0_u64..columns) {	denied: condition 2: the body writes storage that is neither introduced by the iteration nor the accumulator, at &vedge
Paged function scope	signature owns Paged: Context	same function/header	still denied	renderer/layout/tableborders.wf:143	collapse_borders	2	for (r in 0_u64..rows) {	denied: condition 2: the body writes storage that is neither introduced by the iteration nor the accumulator, at &vedge	renderer/layout/tableborders.wf:143	collapse_borders	2	for (r in 0_u64..rows) {	denied: condition 2: the body writes storage that is neither introduced by the iteration nor the accumulator, at &vedge
Paged function scope	signature owns Paged: Context	same function/header; duplicate order	still denied	renderer/layout/tableborders.wf:185	collapse_borders	3	for (i in 0_u64..cells) {	denied: condition 2: the body writes storage that is neither introduced by the iteration nor the accumulator, at &vedge	renderer/layout/tableborders.wf:185	collapse_borders	3	for (i in 0_u64..cells) {	denied: condition 2: the body writes storage that is neither introduced by the iteration nor the accumulator, at &vedge
Paged function scope	signature owns Paged: Context	same function/header; duplicate order	still denied	renderer/layout/tableborders.wf:206	collapse_borders	4	for (i in 0_u64..cells) {	denied: condition 2: the body writes storage that is neither introduced by the iteration nor the accumulator, at set edges^.inner[i] = half;	renderer/layout/tableborders.wf:206	collapse_borders	4	for (i in 0_u64..cells) {	denied: condition 2: the body writes storage that is neither introduced by the iteration nor the accumulator, at set edges^.inner[i] = half;
other loop; included for completeness		same function/header	still denied	renderer/layout/tablegrid.wf:75	filled_i32	1	for (k in 0_u64..bounded) {	denied: condition 2: the body writes storage that is neither introduced by the iteration nor the accumulator, at &list	renderer/layout/tablegrid.wf:75	filled_i32	1	for (k in 0_u64..bounded) {	denied: condition 2: the body writes storage that is neither introduced by the iteration nor the accumulator, at &list
other loop; included for completeness		same function/header	still denied	renderer/layout/tablegrid.wf:85	zeros_i64	1	for (k in 0_u64..bounded) {	denied: condition 2: the body writes storage that is neither introduced by the iteration nor the accumulator, at &list	renderer/layout/tablegrid.wf:85	zeros_i64	1	for (k in 0_u64..bounded) {	denied: condition 2: the body writes storage that is neither introduced by the iteration nor the accumulator, at &list
other loop; included for completeness		same function/header	still denied	renderer/layout/tablegrid.wf:96	zeros_edges	1	for (k in 0_u64..bounded) {	denied: condition 2: the body writes storage that is neither introduced by the iteration nor the accumulator, at &list	renderer/layout/tablegrid.wf:96	zeros_edges	1	for (k in 0_u64..bounded) {	denied: condition 2: the body writes storage that is neither introduced by the iteration nor the accumulator, at &list
other loop; included for completeness		same function/header	still denied	renderer/layout/tablegrid.wf:123	zeros_cols	1	for (k in 0_u64..bounded) {	denied: condition 2: the body writes storage that is neither introduced by the iteration nor the accumulator, at &list	renderer/layout/tablegrid.wf:123	zeros_cols	1	for (k in 0_u64..bounded) {	denied: condition 2: the body writes storage that is neither introduced by the iteration nor the accumulator, at &list
other loop; included for completeness		same function/header	still denied	renderer/layout/tablegrid.wf:158	visible_columns	1	for (k in first..end) {	denied: condition 1: the loop writes storage outliving the iteration that no exactly associative operation reduces, at set total = total +sat 1_u64;	renderer/layout/tablegrid.wf:158	visible_columns	1	for (k in first..end) {	denied: condition 1: the loop writes storage outliving the iteration that no exactly associative operation reduces, at set total = total +sat 1_u64;
Paged function scope	signature owns Paged: Context	same function/header	still denied	renderer/layout/tablegrid.wf:182	mark_collapsed	1	for (c in 0_u64..columns) {	denied: condition 2: the body writes storage that is neither introduced by the iteration nor the accumulator, at cols	renderer/layout/tablegrid.wf:182	mark_collapsed	1	for (c in 0_u64..columns) {	denied: condition 2: the body writes storage that is neither introduced by the iteration nor the accumulator, at cols
other loop; included for completeness		same function/header; duplicate order	still denied	renderer/layout/tablegrid.wf:227	share_out	1	for (k in first..end) {	denied: condition 1: the loop writes storage outliving the iteration that no exactly associative operation reduces, at set total = total +sat weight;	renderer/layout/tablegrid.wf:227	share_out	1	for (k in first..end) {	denied: condition 1: the loop writes storage outliving the iteration that no exactly associative operation reduces, at set total = total +sat weight;
other loop; included for completeness		same function/header; duplicate order	still denied	renderer/layout/tablegrid.wf:234	share_out	2	for (k in first..end) {	denied: condition 1: the loop writes storage outliving the iteration that no exactly associative operation reduces, at set remaining = remaining -sat wide;	renderer/layout/tablegrid.wf:234	share_out	2	for (k in first..end) {	denied: condition 1: the loop writes storage outliving the iteration that no exactly associative operation reduces, at set remaining = remaining -sat wide;
other loop; included for completeness		same function/header	still denied	renderer/layout/tablegrid.wf:254	clear_range	1	for (k in first..end) {	denied: condition 2: the body writes storage that is neither introduced by the iteration nor the accumulator, at list	renderer/layout/tablegrid.wf:254	clear_range	1	for (k in first..end) {	denied: condition 2: the body writes storage that is neither introduced by the iteration nor the accumulator, at list
other loop; included for completeness		same function/header; duplicate order	still denied	renderer/layout/tablegrid.wf:267	excess_weights	1	for (k in first..end) {	denied: condition 1: the loop writes storage outliving the iteration that no exactly associative operation reduces, at set any_free_wide = True();	renderer/layout/tablegrid.wf:267	excess_weights	1	for (k in first..end) {	denied: condition 1: the loop writes storage outliving the iteration that no exactly associative operation reduces, at set any_free_wide = True();
other loop; included for completeness		same function/header; duplicate order	still denied	renderer/layout/tablegrid.wf:294	excess_weights	2	for (k in first..end) {	denied: condition 2: the body writes storage that is neither introduced by the iteration nor the accumulator, at weights	renderer/layout/tablegrid.wf:294	excess_weights	2	for (k in first..end) {	denied: condition 2: the body writes storage that is neither introduced by the iteration nor the accumulator, at weights
other loop; included for completeness		same function/header	still denied	renderer/layout/tablegrid.wf:351	grow_columns	1	for (k in first..end) {	denied: condition 2: the body writes storage that is neither introduced by the iteration nor the accumulator, at cols	renderer/layout/tablegrid.wf:351	grow_columns	1	for (k in first..end) {	denied: condition 2: the body writes storage that is neither introduced by the iteration nor the accumulator, at cols
other loop; included for completeness		same function/header; duplicate order	still denied	renderer/layout/tablegrid.wf:372	grow_min_columns	1	for (k in first..end) {	denied: condition 1: the loop writes storage outliving the iteration that no exactly associative operation reduces, at set total = total +sat wide;	renderer/layout/tablegrid.wf:372	grow_min_columns	1	for (k in first..end) {	denied: condition 1: the loop writes storage outliving the iteration that no exactly associative operation reduces, at set total = total +sat wide;
other loop; included for completeness		same function/header; duplicate order	still denied	renderer/layout/tablegrid.wf:388	grow_min_columns	2	for (k in first..end) {	denied: condition 2: the body writes storage that is neither introduced by the iteration nor the accumulator, at cols	renderer/layout/tablegrid.wf:388	grow_min_columns	2	for (k in first..end) {	denied: condition 2: the body writes storage that is neither introduced by the iteration nor the accumulator, at cols
other loop; included for completeness		same function/header; duplicate order	still denied	renderer/layout/tablegrid.wf:397	grow_min_columns	3	for (k in first..end) {	denied: condition 1: the loop writes storage outliving the iteration that no exactly associative operation reduces, at set given = given +sat range;	renderer/layout/tablegrid.wf:397	grow_min_columns	3	for (k in first..end) {	denied: condition 1: the loop writes storage outliving the iteration that no exactly associative operation reduces, at set given = given +sat range;
other loop; included for completeness		same function/header; duplicate order	still denied	renderer/layout/tablegrid.wf:422	span_percent	1	for (k in first..end) {	denied: condition 1: the loop writes storage outliving the iteration that no exactly associative operation reduces, at set known = fadd.strict(known, col.percent);	renderer/layout/tablegrid.wf:422	span_percent	1	for (k in first..end) {	denied: condition 1: the loop writes storage outliving the iteration that no exactly associative operation reduces, at set known = fadd.strict(known, col.percent);
other loop; included for completeness		same function/header; duplicate order	still denied	renderer/layout/tablegrid.wf:445	span_percent	2	for (k in first..end) {	denied: condition 2: the body writes storage that is neither introduced by the iteration nor the accumulator, at cols	renderer/layout/tablegrid.wf:445	span_percent	2	for (k in first..end) {	denied: condition 2: the body writes storage that is neither introduced by the iteration nor the accumulator, at cols
other loop; included for completeness		same function/header; duplicate order	still denied	renderer/layout/tablegrid.wf:472	distribute_span	1	for (k in first..end) {	denied: condition 1: the loop writes storage outliving the iteration that no exactly associative operation reduces, at set min_sum = min_sum +sat col.min;	renderer/layout/tablegrid.wf:472	distribute_span	1	for (k in first..end) {	denied: condition 1: the loop writes storage outliving the iteration that no exactly associative operation reduces, at set min_sum = min_sum +sat col.min;
other loop; included for completeness		same function/header; duplicate order	still denied	renderer/layout/tablegrid.wf:479	distribute_span	2	for (k in first..end) {	denied: condition 2: the body writes storage that is neither introduced by the iteration nor the accumulator, at cols	renderer/layout/tablegrid.wf:479	distribute_span	2	for (k in first..end) {	denied: condition 2: the body writes storage that is neither introduced by the iteration nor the accumulator, at cols
other loop; included for completeness		same function/header; duplicate order	still denied	renderer/layout/tablegrid.wf:485	distribute_span	3	for (k in first..end) {	denied: condition 1: the loop writes storage outliving the iteration that no exactly associative operation reduces, at set max_sum = max_sum +sat col.max;	renderer/layout/tablegrid.wf:485	distribute_span	3	for (k in first..end) {	denied: condition 1: the loop writes storage outliving the iteration that no exactly associative operation reduces, at set max_sum = max_sum +sat col.max;
Paged function scope	signature owns Paged: Context	same function/header; duplicate order	still denied	renderer/layout/tablegrid.wf:507	measure_columns	1	for (c in 0_u64..columns) {	denied: condition 2: the body writes storage that is neither introduced by the iteration nor the accumulator, at cols	renderer/layout/tablegrid.wf:507	measure_columns	1	for (c in 0_u64..columns) {	denied: condition 2: the body writes storage that is neither introduced by the iteration nor the accumulator, at cols
Paged function scope	signature owns Paged: Context	same function/header; duplicate order	still denied	renderer/layout/tablegrid.wf:526	measure_columns	2	for (i in 0_u64..count) {	denied: condition 2: the body writes storage that is neither introduced by the iteration nor the accumulator, at cols	renderer/layout/tablegrid.wf:526	measure_columns	2	for (i in 0_u64..count) {	denied: condition 2: the body writes storage that is neither introduced by the iteration nor the accumulator, at cols
Paged function scope	signature owns Paged: Context	same function/header; duplicate order	still denied	renderer/layout/tablegrid.wf:543	measure_columns	3	for (i in 0_u64..count) {	denied: condition 2: the body writes storage that is neither introduced by the iteration nor the accumulator, at cols	renderer/layout/tablegrid.wf:543	measure_columns	3	for (i in 0_u64..count) {	denied: condition 2: the body writes storage that is neither introduced by the iteration nor the accumulator, at cols
Paged function scope	signature owns Paged: Context	same function/header; duplicate order	still denied	renderer/layout/tablegrid.wf:559	measure_columns	4	for (c in 0_u64..columns) {	denied: condition 2: the body writes storage that is neither introduced by the iteration nor the accumulator, at cols	renderer/layout/tablegrid.wf:559	measure_columns	4	for (c in 0_u64..columns) {	denied: condition 2: the body writes storage that is neither introduced by the iteration nor the accumulator, at cols
Paged function scope	signature owns Paged: Context	same function/header	still denied	renderer/layout/tablegrid.wf:566	measure_columns	5	for (span in first_span..last_span) {	denied: condition 2: the body writes storage that is neither introduced by the iteration nor the accumulator, at cols	renderer/layout/tablegrid.wf:566	measure_columns	5	for (span in first_span..last_span) {	denied: condition 2: the body writes storage that is neither introduced by the iteration nor the accumulator, at cols
Paged function scope	signature owns Paged: Context	same function/header; duplicate order	still denied	renderer/layout/tablegrid.wf:567	measure_columns	6	for (i in 0_u64..count) {	denied: condition 2: the body writes storage that is neither introduced by the iteration nor the accumulator, at cols	renderer/layout/tablegrid.wf:567	measure_columns	6	for (i in 0_u64..count) {	denied: condition 2: the body writes storage that is neither introduced by the iteration nor the accumulator, at cols
Paged function scope	signature owns Paged: Context	same function/header; duplicate order	still denied	renderer/layout/tablegrid.wf:584	measure_fixed	1	for (c in 0_u64..columns) {	denied: condition 2: the body writes storage that is neither introduced by the iteration nor the accumulator, at cols	renderer/layout/tablegrid.wf:584	measure_fixed	1	for (c in 0_u64..columns) {	denied: condition 2: the body writes storage that is neither introduced by the iteration nor the accumulator, at cols
Paged function scope	signature owns Paged: Context	same function/header; duplicate order	still denied	renderer/layout/tablegrid.wf:600	measure_fixed	2	for (i in 0_u64..count) {	denied: condition 2: the body writes storage that is neither introduced by the iteration nor the accumulator, at cols	renderer/layout/tablegrid.wf:600	measure_fixed	2	for (i in 0_u64..count) {	denied: condition 2: the body writes storage that is neither introduced by the iteration nor the accumulator, at cols
Paged function scope	signature owns Paged: Context	same function/header; duplicate order	still denied	renderer/layout/tablegrid.wf:609	measure_fixed	3	for (i in 0_u64..count) {	denied: condition 2: the body writes storage that is neither introduced by the iteration nor the accumulator, at cols	renderer/layout/tablegrid.wf:609	measure_fixed	3	for (i in 0_u64..count) {	denied: condition 2: the body writes storage that is neither introduced by the iteration nor the accumulator, at cols
Paged function scope	signature owns Paged: Context	same function/header	still denied	renderer/layout/tablegrid.wf:654	measure_fixed	4	for (k in first..end) {	denied: condition 2: the body writes storage that is neither introduced by the iteration nor the accumulator, at cols	renderer/layout/tablegrid.wf:654	measure_fixed	4	for (k in first..end) {	denied: condition 2: the body writes storage that is neither introduced by the iteration nor the accumulator, at cols
Paged function scope	signature owns Paged: Context	same function/header; duplicate order	still denied	renderer/layout/tablegrid.wf:669	measure_fixed	5	for (c in 0_u64..columns) {	denied: condition 2: the body writes storage that is neither introduced by the iteration nor the accumulator, at cols	renderer/layout/tablegrid.wf:669	measure_fixed	5	for (c in 0_u64..columns) {	denied: condition 2: the body writes storage that is neither introduced by the iteration nor the accumulator, at cols
other loop; included for completeness		same function/header	still denied	renderer/layout/tablegrid.wf:684	clamp_percents	1	for (c in 0_u64..columns) {	denied: condition 1: the loop writes storage outliving the iteration that no exactly associative operation reduces, at set used = fadd.strict(used, clamped);	renderer/layout/tablegrid.wf:684	clamp_percents	1	for (c in 0_u64..columns) {	denied: condition 1: the loop writes storage outliving the iteration that no exactly associative operation reduces, at set used = fadd.strict(used, clamped);
other loop; included for completeness		same function/header	still denied	renderer/layout/tablegrid.wf:704	column_totals	1	for (c in 0_u64..columns) {	denied: condition 1: the loop writes storage outliving the iteration that no exactly associative operation reduces, at set least = least +sat col.min;	renderer/layout/tablegrid.wf:704	column_totals	1	for (c in 0_u64..columns) {	denied: condition 1: the loop writes storage outliving the iteration that no exactly associative operation reduces, at set least = least +sat col.min;
other loop; included for completeness		same function/header	still denied	renderer/layout/tablegrid.wf:763	guess_sum	1	for (c in 0_u64..columns) {	denied: condition 1: the loop writes storage outliving the iteration that no exactly associative operation reduces, at set sum = sum +sat width;	renderer/layout/tablegrid.wf:763	guess_sum	1	for (c in 0_u64..columns) {	denied: condition 1: the loop writes storage outliving the iteration that no exactly associative operation reduces, at set sum = sum +sat width;
other loop; included for completeness		same function/header; duplicate order	still denied	renderer/layout/tablegrid.wf:797	distribute_auto	1	for (c in 0_u64..columns) {	denied: condition 2: the body writes storage that is neither introduced by the iteration nor the accumulator, at &weights	renderer/layout/tablegrid.wf:797	distribute_auto	1	for (c in 0_u64..columns) {	denied: condition 2: the body writes storage that is neither introduced by the iteration nor the accumulator, at &weights
other loop; included for completeness		same function/header; duplicate order	still denied	renderer/layout/tablegrid.wf:809	distribute_auto	2	for (c in 0_u64..columns) {	denied: condition 2: the body writes storage that is neither introduced by the iteration nor the accumulator, at cols	renderer/layout/tablegrid.wf:809	distribute_auto	2	for (c in 0_u64..columns) {	denied: condition 2: the body writes storage that is neither introduced by the iteration nor the accumulator, at cols
other loop; included for completeness		same function/header; duplicate order	still denied	renderer/layout/tablegrid.wf:822	distribute_auto	3	for (c in 0_u64..columns) {	denied: condition 2: the body writes storage that is neither introduced by the iteration nor the accumulator, at cols	renderer/layout/tablegrid.wf:822	distribute_auto	3	for (c in 0_u64..columns) {	denied: condition 2: the body writes storage that is neither introduced by the iteration nor the accumulator, at cols
other loop; included for completeness		same function/header; duplicate order	still denied	renderer/layout/tablegrid.wf:841	distribute_fixed	1	for (c in 0_u64..columns) {	denied: condition 1: the loop writes storage outliving the iteration that no exactly associative operation reduces, at set sum = sum +sat width;	renderer/layout/tablegrid.wf:841	distribute_fixed	1	for (c in 0_u64..columns) {	denied: condition 1: the loop writes storage outliving the iteration that no exactly associative operation reduces, at set sum = sum +sat width;
other loop; included for completeness		same function/header; duplicate order	still denied	renderer/layout/tablegrid.wf:875	distribute_fixed	2	for (c in 0_u64..columns) {	denied: condition 2: the body writes storage that is neither introduced by the iteration nor the accumulator, at &weights	renderer/layout/tablegrid.wf:875	distribute_fixed	2	for (c in 0_u64..columns) {	denied: condition 2: the body writes storage that is neither introduced by the iteration nor the accumulator, at &weights
other loop; included for completeness		same function/header; duplicate order	still denied	renderer/layout/tablegrid.wf:906	distribute_fixed	3	for (c in 0_u64..columns) {	denied: condition 2: the body writes storage that is neither introduced by the iteration nor the accumulator, at cols	renderer/layout/tablegrid.wf:906	distribute_fixed	3	for (c in 0_u64..columns) {	denied: condition 2: the body writes storage that is neither introduced by the iteration nor the accumulator, at cols
other loop; included for completeness		same function/header	still denied	renderer/layout/text/fonts.wf:113	font_set_add	1	for ( index in 0_u64..length, invariant copied: name.inner.len == index ) {	denied: condition 2: the body writes storage that is neither introduced by the iteration nor the accumulator, at &name.inner	renderer/layout/text/fonts.wf:113	font_set_add	1	for ( index in 0_u64..length, invariant copied: name.inner.len == index ) {	denied: condition 2: the body writes storage that is neither introduced by the iteration nor the accumulator, at &name.inner
other loop; included for completeness		same function/header	still denied	renderer/layout/text/fonts.wf:193	os2_x_height	1	for (index in 0_u64..tables) {	denied: condition 4: a return leaves the loop	renderer/layout/text/fonts.wf:193	os2_x_height	1	for (index in 0_u64..tables) {	denied: condition 4: a return leaves the loop
other loop; included for completeness		same function/header	still denied	renderer/layout/text/fonts.wf:246	same_name	1	for (index in 0_u64..length) {	denied: condition 4: a return leaves the loop	renderer/layout/text/fonts.wf:246	same_name	1	for (index in 0_u64..length) {	denied: condition 4: a return leaves the loop
other loop; included for completeness		same function/header	still denied	renderer/layout/text/fonts.wf:388	match_family	1	for (index in 0_u64..count) {	denied: condition 1: the loop writes storage outliving the iteration that no exactly associative operation reduces, at set best = cvt::<u64, u32>(index);	renderer/layout/text/fonts.wf:388	match_family	1	for (index in 0_u64..count) {	denied: condition 1: the loop writes storage outliving the iteration that no exactly associative operation reduces, at set best = cvt::<u64, u32>(index);
other loop; included for completeness		same function/header	still denied	renderer/layout/text/picks.wf:174	chain_holds	1	for (index in 0_u64..length) {	denied: condition 4: a return leaves the loop	renderer/layout/text/picks.wf:174	chain_holds	1	for (index in 0_u64..length) {	denied: condition 4: a return leaves the loop
other loop; included for completeness		same function/header	still denied	renderer/layout/text/picks.wf:210	group_chain	1	for (position in start..end) {	denied: condition 1: the loop writes storage outliving the iteration that no exactly associative operation reduces, at set resolved = True();	renderer/layout/text/picks.wf:210	group_chain	1	for (position in start..end) {	denied: condition 1: the loop writes storage outliving the iteration that no exactly associative operation reduces, at set resolved = True();
other loop; included for completeness		same function/header	still denied	renderer/layout/text/picks.wf:245	group_chain	2	for (index in 0_u64..capacity) {	denied: condition 2: the body writes storage that is neither introduced by the iteration nor the accumulator, at &chain	renderer/layout/text/picks.wf:245	group_chain	2	for (index in 0_u64..capacity) {	denied: condition 2: the body writes storage that is neither introduced by the iteration nor the accumulator, at &chain
other loop; included for completeness		same function/header	still denied	renderer/layout/text/picks.wf:270	pick_fonts	1	for ( index in 0_u64..total, invariant filled: chain.inner.len == index ) {	denied: condition 2: the body writes storage that is neither introduced by the iteration nor the accumulator, at &chain.inner	renderer/layout/text/picks.wf:270	pick_fonts	1	for ( index in 0_u64..total, invariant filled: chain.inner.len == index ) {	denied: condition 2: the body writes storage that is neither introduced by the iteration nor the accumulator, at &chain.inner
other loop; included for completeness		same function/header	still denied	renderer/layout/text/picks.wf:277	pick_fonts	2	for ( index in 0_u64..count, invariant chosen: choices.inner.len == index ) {	denied: condition 2: the body writes storage that is neither introduced by the iteration nor the accumulator, at set chain.inner[at] = face;	renderer/layout/text/picks.wf:277	pick_fonts	2	for ( index in 0_u64..count, invariant chosen: choices.inner.len == index ) {	denied: condition 2: the body writes storage that is neither introduced by the iteration nor the accumulator, at set chain.inner[at] = face;
other loop; included for completeness		same function/header	still denied	renderer/layout/text/picks.wf:288	pick_fonts	3	for (offset in 0_u64..listed) {	denied: condition 2: the body writes storage that is neither introduced by the iteration nor the accumulator, at set chain.inner[at] = face;	renderer/layout/text/picks.wf:288	pick_fonts	3	for (offset in 0_u64..listed) {	denied: condition 2: the body writes storage that is neither introduced by the iteration nor the accumulator, at set chain.inner[at] = face;
other loop; included for completeness		same function/header	still denied	renderer/layout/text/picks.wf:340	extend_picks	1	for (index in held..count) {	denied: condition 2: the body writes storage that is neither introduced by the iteration nor the accumulator, at &picks^.chain.inner	renderer/layout/text/picks.wf:340	extend_picks	1	for (index in held..count) {	denied: condition 2: the body writes storage that is neither introduced by the iteration nor the accumulator, at &picks^.chain.inner
other loop; included for completeness		same function/header	still denied	renderer/layout/text/picks.wf:347	extend_picks	2	for (offset in 0_u64..stride) {	denied: condition 2: the body writes storage that is neither introduced by the iteration nor the accumulator, at &picks^.chain.inner	renderer/layout/text/picks.wf:347	extend_picks	2	for (offset in 0_u64..stride) {	denied: condition 2: the body writes storage that is neither introduced by the iteration nor the accumulator, at &picks^.chain.inner
other loop; included for completeness		same function/header	still denied	renderer/layout/text/picks.wf:383	primary_face	1	for (position in first..end) {	denied: condition 4: a return leaves the loop	renderer/layout/text/picks.wf:383	primary_face	1	for (position in first..end) {	denied: condition 4: a return leaves the loop
other loop; included for completeness		same function/header	still denied	renderer/layout/text/scalars.wf:40	in_ranges	1	for (index in 0_u64..count) {	denied: condition 4: a return leaves the loop	renderer/layout/text/scalars.wf:40	in_ranges	1	for (index in 0_u64..count) {	denied: condition 4: a return leaves the loop
other loop; included for completeness		same function/header	still denied	renderer/layout/text/shape.wf:67	maps_all	1	for (index in start..stop) {	denied: condition 4: a return leaves the loop	renderer/layout/text/shape.wf:67	maps_all	1	for (index in start..stop) {	denied: condition 4: a return leaves the loop
other loop; included for completeness		same function/header	still denied	renderer/layout/text/shape.wf:92	emoji_presentation	1	for (step in 0_u64..8_u64) {	denied: condition 1: the loop writes storage outliving the iteration that no exactly associative operation reduces, at set low_pair = middle;	renderer/layout/text/shape.wf:92	emoji_presentation	1	for (step in 0_u64..8_u64) {	denied: condition 1: the loop writes storage outliving the iteration that no exactly associative operation reduces, at set low_pair = middle;
other loop; included for completeness		same function/header	still denied	renderer/layout/text/shape.wf:126	emoji_face	1	for (index in 0_u64..count) {	denied: condition 4: a return leaves the loop	renderer/layout/text/shape.wf:126	emoji_face	1	for (index in 0_u64..count) {	denied: condition 4: a return leaves the loop
other loop; included for completeness		same function/header; duplicate order	still denied	renderer/layout/text/shape.wf:168	cluster_face	1	for (position in span.start..stop) {	denied: condition 4: a return leaves the loop	renderer/layout/text/shape.wf:168	cluster_face	1	for (position in span.start..stop) {	denied: condition 4: a return leaves the loop
other loop; included for completeness		same function/header; duplicate order	still denied	renderer/layout/text/shape.wf:176	cluster_face	2	for (position in span.start..stop) {	denied: condition 4: a return leaves the loop	renderer/layout/text/shape.wf:176	cluster_face	2	for (position in span.start..stop) {	denied: condition 4: a return leaves the loop
other loop; included for completeness		same function/header	still permitted	renderer/layout/text/shape.wf:223	itemize_faces	1	for (index in at..after) {	permitted: eligible; no accumulator	renderer/layout/text/shape.wf:223	itemize_faces	1	for (index in at..after) {	permitted: eligible; no accumulator
other loop; included for completeness		same function/header; duplicate order	still denied	renderer/layout/text/shape.wf:245	itemize_scripts	1	for (index in start..stop) {	denied: condition 1: the loop writes storage outliving the iteration that no exactly associative operation reduces, at set current = script;	renderer/layout/text/shape.wf:245	itemize_scripts	1	for (index in start..stop) {	denied: condition 1: the loop writes storage outliving the iteration that no exactly associative operation reduces, at set current = script;
other loop; included for completeness		same function/header; duplicate order	still denied	renderer/layout/text/shape.wf:257	itemize_scripts	2	for (index in start..stop) {	denied: condition 1: the loop writes storage outliving the iteration that no exactly associative operation reduces, at set current = script;	renderer/layout/text/shape.wf:257	itemize_scripts	2	for (index in start..stop) {	denied: condition 1: the loop writes storage outliving the iteration that no exactly associative operation reduces, at set current = script;
other loop; included for completeness		same function/header	still denied	renderer/layout/text/shape.wf:340	shape_segment	1	for (position in 0_u64..shaped_count) {	denied: condition 2: the body writes storage that is neither introduced by the iteration nor the accumulator, at set advances^.inner[at] = sum;	renderer/layout/text/shape.wf:340	shape_segment	1	for (position in 0_u64..shaped_count) {	denied: condition 2: the body writes storage that is neither introduced by the iteration nor the accumulator, at set advances^.inner[at] = sum;
other loop; included for completeness		same function/header	still denied	renderer/layout/text/shape.wf:378	kept_segment	1	for (step in 0_u64..64_u64) {	denied: condition 1: the loop writes storage outliving the iteration that no exactly associative operation reduces, at set low = middle + 1_u64;	renderer/layout/text/shape.wf:378	kept_segment	1	for (step in 0_u64..64_u64) {	denied: condition 1: the loop writes storage outliving the iteration that no exactly associative operation reduces, at set low = middle + 1_u64;
other loop; included for completeness		same function/header	still denied	renderer/layout/text/shape.wf:419	kept_segment	2	for (at in start..end) {	denied: condition 4: a return leaves the loop	renderer/layout/text/shape.wf:419	kept_segment	2	for (at in start..end) {	denied: condition 4: a return leaves the loop
other loop; included for completeness		same function/header	still permitted	renderer/layout/text/shape.wf:440	rescale_segment	1	for (at in start..end) {	permitted: eligible; no accumulator	renderer/layout/text/shape.wf:440	rescale_segment	1	for (at in start..end) {	permitted: eligible; no accumulator
other loop; included for completeness		same function/header	still permitted	renderer/layout/text/shape.wf:559	apply_spacing	1	for (index in start..end) {	permitted: eligible; no accumulator	renderer/layout/text/shape.wf:559	apply_spacing	1	for (index in start..end) {	permitted: eligible; no accumulator
other loop; included for completeness		same function/header	still permitted	renderer/layout/text/shape.wf:721	find_breaks	1	for (index in 1_u64..limit) {	permitted: eligible; no accumulator	renderer/layout/text/shape.wf:721	find_breaks	1	for (index in 1_u64..limit) {	permitted: eligible; no accumulator
other loop; included for completeness		same function/header	still denied	renderer/layout/text/shape.wf:798	reshape_paragraph	1	for (at in 0_u64..length) {	denied: condition 1: the loop writes storage outliving the iteration that no exactly associative operation reduces, at set reuse = False();	renderer/layout/text/shape.wf:798	reshape_paragraph	1	for (at in 0_u64..length) {	denied: condition 1: the loop writes storage outliving the iteration that no exactly associative operation reduces, at set reuse = False();
other loop; included for completeness		same function/header	still denied	renderer/layout/text/shape.wf:827	shape_with	1	for (index in 0_u64..run_count) {	denied: condition 1: the loop writes storage outliving the iteration that no exactly associative operation reduces, at set expected = end;	renderer/layout/text/shape.wf:827	shape_with	1	for (index in 0_u64..run_count) {	denied: condition 1: the loop writes storage outliving the iteration that no exactly associative operation reduces, at set expected = end;
other loop; included for completeness		same function/header	still permitted	renderer/layout/text/shape.wf:850	shape_with	2	for (position in start..run_limit) {	permitted: eligible; no accumulator	renderer/layout/text/shape.wf:850	shape_with	2	for (position in start..run_limit) {	permitted: eligible; no accumulator
Paged function scope	signature owns Paged: Layout	same function/header	still denied	renderer/layout/update.wf:168	path_steps	1	for (step in 0_u64..count) {	denied: condition 1: the loop writes storage outliving the iteration that no exactly associative operation reduces, at set at = cvt::<u32, u64>(place.parent);	renderer/layout/update.wf:168	path_steps	1	for (step in 0_u64..count) {	denied: condition 1: the loop writes storage outliving the iteration that no exactly associative operation reduces, at set at = cvt::<u32, u64>(place.parent);
Paged function scope	signature owns Paged: Layout	same function/header	still denied	renderer/layout/update.wf:187	path_steps	2	for (back in 0_u64..length) {	denied: condition 2: the body writes storage that is neither introduced by the iteration nor the accumulator, at &steps	renderer/layout/update.wf:187	path_steps	2	for (back in 0_u64..length) {	denied: condition 2: the body writes storage that is neither introduced by the iteration nor the accumulator, at &steps
Paged function scope	signature owns Paged: Context	same function/header	still permitted	renderer/layout/update.wf:275	prepare_marked	1	for (i in 0_u64..count) {	permitted: eligible; one accumulator under band	renderer/layout/update.wf:275	prepare_marked	1	for (i in 0_u64..count) {	permitted: eligible; one accumulator under band
Paged function scope	signature owns Paged: Context	same function/header	still permitted	renderer/layout/update.wf:296	prepare_marked	2	for (k in 0_u64..children) {	permitted: eligible; one accumulator under band	renderer/layout/update.wf:296	prepare_marked	2	for (k in 0_u64..children) {	permitted: eligible; one accumulator under band
Paged function scope	signature owns Paged: Context	same function/header	still permitted	renderer/layout/update.wf:317	count_marked	1	for (k in 0_u64..children) {	permitted: eligible; one accumulator under +wrap	renderer/layout/update.wf:317	count_marked	1	for (k in 0_u64..children) {	permitted: eligible; one accumulator under +wrap
Paged function scope	signature owns Paged: Context	same function/header	still permitted	renderer/layout/update.wf:337	clear_tree_marks	1	for (k in 0_u64..children) {	permitted: eligible; no accumulator	renderer/layout/update.wf:337	clear_tree_marks	1	for (k in 0_u64..children) {	permitted: eligible; no accumulator
Paged function scope	signature owns Paged: Context	same function/header	still permitted	renderer/layout/update.wf:351	clear_subtree	1	for (i in 0_u64..count) {	permitted: eligible; no accumulator	renderer/layout/update.wf:351	clear_subtree	1	for (i in 0_u64..count) {	permitted: eligible; no accumulator
Paged function scope	signature owns Paged: Context	same function/header	still permitted	renderer/layout/update.wf:368	reset_tree	1	for (i in 0_u64..count) {	permitted: eligible; no accumulator	renderer/layout/update.wf:368	reset_tree	1	for (i in 0_u64..count) {	permitted: eligible; no accumulator
Paged function scope	signature owns Paged: Context	same function/header	still permitted	renderer/layout/update.wf:372	reset_tree	2	for (k in 0_u64..children) {	permitted: eligible; no accumulator	renderer/layout/update.wf:372	reset_tree	2	for (k in 0_u64..children) {	permitted: eligible; no accumulator
Paged function scope	signature owns Paged: Context	same function/header	still permitted	renderer/layout/update.wf:447	clear_paragraph_marks	1	for (i in 0_u64..count) {	permitted: eligible; no accumulator	renderer/layout/update.wf:447	clear_paragraph_marks	1	for (i in 0_u64..count) {	permitted: eligible; no accumulator
other loop; included for completeness		same function/header	still denied	renderer/layout/update.wf:456	first_float_entry	1	for (k in 0_u64..count) {	denied: condition 4: a return leaves the loop	renderer/layout/update.wf:456	first_float_entry	1	for (k in 0_u64..count) {	denied: condition 4: a return leaves the loop
other loop; included for completeness		same function/header	still denied	renderer/layout/update.wf:505	full_width_lines	1	for (k in 0_u64..count) {	denied: condition 1: the loop writes storage outliving the iteration that no exactly associative operation reduces, at set top = top +sat strut_height;	renderer/layout/update.wf:505	full_width_lines	1	for (k in 0_u64..count) {	denied: condition 1: the loop writes storage outliving the iteration that no exactly associative operation reduces, at set top = top +sat strut_height;
other loop; included for completeness		same function/header	still denied	renderer/layout/update.wf:527	reads_changed	1	for (m in 0_u64..marks) {	denied: condition 4: a return leaves the loop	renderer/layout/update.wf:527	reads_changed	1	for (m in 0_u64..marks) {	denied: condition 4: a return leaves the loop
Paged function scope	signature owns Paged: Context	same function/header	still permitted	renderer/layout/update.wf:705	reset_marked_children	1	for (k in 0_u64..children) {	permitted: eligible; no accumulator	renderer/layout/update.wf:705	reset_marked_children	1	for (k in 0_u64..children) {	permitted: eligible; no accumulator
Paged function scope	signature owns Paged: Context	same function/header	still denied	renderer/layout/update.wf:727	marked_children_state	1	for (k in 0_u64..listed) {	denied: condition 1: the body carries 2 accumulators, and this rule recombines one	renderer/layout/update.wf:727	marked_children_state	1	for (k in 0_u64..listed) {	denied: condition 1: the body carries 2 accumulators, and this rule recombines one
other loop; included for completeness		same function/header	still denied	renderer/layout/update.wf:758	sum_counts	1	for (k in 0_u64..count) {	denied: condition 1: the loop writes storage outliving the iteration that no exactly associative operation reduces, at set boundary_work = added_work;	renderer/layout/update.wf:758	sum_counts	1	for (k in 0_u64..count) {	denied: condition 1: the loop writes storage outliving the iteration that no exactly associative operation reduces, at set boundary_work = added_work;
other loop; included for completeness		same function/header	still permitted	renderer/layout/update.wf:774	any_set	1	for (k in 0_u64..count) {	permitted: eligible; one accumulator under bor	renderer/layout/update.wf:774	any_set	1	for (k in 0_u64..count) {	permitted: eligible; one accumulator under bor
Paged function scope	signature owns Paged: Context	same function/header	still denied	renderer/layout/update.wf:964	blocks_grow	1	for (step in 0_u64..count) {	denied: condition 1: the loop writes storage outliving the iteration that no exactly associative operation reduces, at set at = context^.blocks.inner[index].parent;	renderer/layout/update.wf:964	blocks_grow	1	for (step in 0_u64..count) {	denied: condition 1: the loop writes storage outliving the iteration that no exactly associative operation reduces, at set at = context^.blocks.inner[index].parent;
Paged function scope	signature owns Paged: Context	same function/header	still denied	renderer/layout/update.wf:987	grow_blocks	1	for (step in 0_u64..count) {	denied: condition 1: the loop writes storage outliving the iteration that no exactly associative operation reduces, at set at = context^.blocks.inner[index].parent;	renderer/layout/update.wf:987	grow_blocks	1	for (step in 0_u64..count) {	denied: condition 1: the loop writes storage outliving the iteration that no exactly associative operation reduces, at set at = context^.blocks.inner[index].parent;
Paged function scope	signature owns Paged: Context	same function/header; duplicate order	still denied	renderer/layout/update.wf:1036	translate_reference_after	1	for (k in first..entries) {	denied: condition 2: the body writes storage that is neither introduced by the iteration nor the accumulator, at &context^.paragraphs.inner[p]	renderer/layout/update.wf:1036	translate_reference_after	1	for (k in first..entries) {	denied: condition 2: the body writes storage that is neither introduced by the iteration nor the accumulator, at &context^.paragraphs.inner[p]
Paged function scope	signature owns Paged: Context	same function/header	still permitted	renderer/layout/update.wf:1043	translate_reference_after	2	for (i in 0_u64..children) {	permitted: eligible; no accumulator	renderer/layout/update.wf:1043	translate_reference_after	2	for (i in 0_u64..children) {	permitted: eligible; no accumulator
Paged function scope	signature owns Paged: Context	same function/header; duplicate order	still denied	renderer/layout/update.wf:1046	translate_reference_after	3	for (k in first..entries) {	denied: condition 2: the body writes storage that is neither introduced by the iteration nor the accumulator, at &context^.blocks.inner[b]	renderer/layout/update.wf:1046	translate_reference_after	3	for (k in first..entries) {	denied: condition 2: the body writes storage that is neither introduced by the iteration nor the accumulator, at &context^.blocks.inner[b]
Paged function scope	signature owns Paged: Context	same function/header	still permitted	renderer/layout/update.wf:1081	translate_fragments	1	for (f in own_count..count) {	permitted: eligible; no accumulator	renderer/layout/update.wf:1081	translate_fragments	1	for (f in own_count..count) {	permitted: eligible; no accumulator
Paged function scope	signature owns Paged: Context	same function/header	still permitted	renderer/layout/update.wf:1199	update_in_place	1	for (k in 0_u64..listed) {	permitted: eligible; no accumulator	renderer/layout/update.wf:1199	update_in_place	1	for (k in 0_u64..listed) {	permitted: eligible; no accumulator
Paged function scope	signature owns Paged: Context	same function/header	still permitted	renderer/layout/update.wf:1543	update_flow_reference	1	for (k in 0_u64..bounded) {	permitted: eligible; no accumulator	renderer/layout/update.wf:1543	update_flow_reference	1	for (k in 0_u64..bounded) {	permitted: eligible; no accumulator
Paged function scope	signature owns Paged: Context	same function/header	still denied	renderer/layout/update.wf:1553	update_flow_reference	2	for (step in 0_u64..cleared) {	denied: condition 2: the body writes storage that is neither introduced by the iteration nor the accumulator, at &context^.fragments.inner	renderer/layout/update.wf:1553	update_flow_reference	2	for (step in 0_u64..cleared) {	denied: condition 2: the body writes storage that is neither introduced by the iteration nor the accumulator, at &context^.fragments.inner
Paged function scope	signature owns Paged: Context	same function/header	still permitted	renderer/layout/update.wf:1568	update_flow_reference	3	for (i in 0_u64..present) {	permitted: eligible; no accumulator	renderer/layout/update.wf:1568	update_flow_reference	3	for (i in 0_u64..present) {	permitted: eligible; no accumulator
Paged function scope	signature owns Paged: Context	same function/header	still permitted	renderer/layout/update.wf:1577	update_flow_reference	4	for (i in 0_u64..compared) {	permitted: eligible; no accumulator	renderer/layout/update.wf:1577	update_flow_reference	4	for (i in 0_u64..compared) {	permitted: eligible; no accumulator
Paged function scope	signature owns Paged: Context	same function/header	still permitted	renderer/layout/update.wf:1588	update_flow_reference	5	for (i in 0_u64..breaking) {	permitted: eligible; one accumulator under +wrap	renderer/layout/update.wf:1588	update_flow_reference	5	for (i in 0_u64..breaking) {	permitted: eligible; one accumulator under +wrap
Paged function scope	signature owns Paged: Context	same function/header	still denied	renderer/layout/update.wf:1852	translatable_fragments	1	for (step in 0_u64..depth) {	denied: condition 1: the loop writes storage outliving the iteration that no exactly associative operation reduces, at set ancestor = context^.blocks.inner[at].parent;	renderer/layout/update.wf:1852	translatable_fragments	1	for (step in 0_u64..depth) {	denied: condition 1: the loop writes storage outliving the iteration that no exactly associative operation reduces, at set ancestor = context^.blocks.inner[at].parent;
Paged function scope	signature owns Paged: Context	same function/header	still denied	renderer/layout/update.wf:1870	translatable_fragments	2	for (k in 0_u64..splits) {	denied: condition 4: a return leaves the loop	renderer/layout/update.wf:1870	translatable_fragments	2	for (k in 0_u64..splits) {	denied: condition 4: a return leaves the loop
Paged function scope	signature owns Paged: Context	same function/header	still denied	renderer/layout/update.wf:1884	translatable_fragments	3	for (k in from..end) {	denied: condition 4: a break leaves the loop	renderer/layout/update.wf:1884	translatable_fragments	3	for (k in from..end) {	denied: condition 4: a break leaves the loop
Paged function scope	signature owns Paged: Context	same function/header	still permitted	renderer/layout/update.wf:1952	shift_split_lines	1	for (k in 0_u64..count) {	permitted: eligible; no accumulator	renderer/layout/update.wf:1952	shift_split_lines	1	for (k in 0_u64..count) {	permitted: eligible; no accumulator
Paged function scope	signature owns Paged: Context	same function/header	still permitted	renderer/layout/update.wf:1972	shift_naturals	1	for (k in first..count) {	permitted: eligible; no accumulator	renderer/layout/update.wf:1972	shift_naturals	1	for (k in first..count) {	permitted: eligible; no accumulator
other loop; included for completeness		same function/header	still denied	renderer/layout/update.wf:2063	write_local_paragraph	1	for (m in 0_u64..count) {	denied: condition 1: the loop writes storage outliving the iteration that no exactly associative operation reduces, at set kept = False();	renderer/layout/update.wf:2063	write_local_paragraph	1	for (m in 0_u64..count) {	denied: condition 1: the loop writes storage outliving the iteration that no exactly associative operation reduces, at set kept = False();
Paged function scope	signature owns Paged: Context	same function/header; duplicate order	still permitted	renderer/layout/update.wf:2120	prepare_local_widths	1	for (i in 0_u64..span) {	permitted: eligible; no accumulator	renderer/layout/update.wf:2120	prepare_local_widths	1	for (i in 0_u64..span) {	permitted: eligible; no accumulator
Paged function scope	signature owns Paged: Context	same function/header; duplicate order	still denied	renderer/layout/update.wf:2129	prepare_local_widths	2	for (i in 0_u64..span) {	denied: condition 2: the body writes storage that is neither introduced by the iteration nor the accumulator, at &context^.blocks.inner[at]	renderer/layout/update.wf:2129	prepare_local_widths	2	for (i in 0_u64..span) {	denied: condition 2: the body writes storage that is neither introduced by the iteration nor the accumulator, at &context^.blocks.inner[at]
Paged function scope	signature owns Paged: Context	same function/header; duplicate order	still denied	renderer/layout/update.wf:2138	prepare_local_widths	3	for (i in 0_u64..span) {	denied: condition 2: the body writes storage that is neither introduced by the iteration nor the accumulator, at &context^.paragraphs.inner[p]	renderer/layout/update.wf:2138	prepare_local_widths	3	for (i in 0_u64..span) {	denied: condition 2: the body writes storage that is neither introduced by the iteration nor the accumulator, at &context^.paragraphs.inner[p]
Paged function scope	signature owns Paged: Context	same function/header	still denied	renderer/layout/update.wf:2149	prepare_local_widths	4	for (s in 0_u64..splits) {	denied: condition 2: the body writes storage that is neither introduced by the iteration nor the accumulator, at &context^.splits.inner[s]	renderer/layout/update.wf:2149	prepare_local_widths	4	for (s in 0_u64..splits) {	denied: condition 2: the body writes storage that is neither introduced by the iteration nor the accumulator, at &context^.splits.inner[s]
Paged function scope	signature owns Paged: Context	same function/header	still denied	renderer/layout/update.wf:2217	restack_block	1	for (k in from..entries) {	denied: condition 1: the loop writes storage outliving the iteration that no exactly associative operation reduces, at set depth = depth +sat 1_u64;	renderer/layout/update.wf:2217	restack_block	1	for (k in from..entries) {	denied: condition 1: the loop writes storage outliving the iteration that no exactly associative operation reduces, at set depth = depth +sat 1_u64;
Paged function scope	signature owns Paged: Context	same function/header	still denied	renderer/layout/update.wf:2241	restack_block	2	for (m in 0_u64..marks) {	denied: condition 1: the loop writes storage outliving the iteration that no exactly associative operation reduces, at set children_inside = children_inside +sat 1_u32;	renderer/layout/update.wf:2241	restack_block	2	for (m in 0_u64..marks) {	denied: condition 1: the loop writes storage outliving the iteration that no exactly associative operation reduces, at set children_inside = children_inside +sat 1_u32;
Paged function scope	signature owns Paged: Context	same function/header	still denied	renderer/layout/update.wf:2302	restack_block	3	for (at_entry in from..end) {	denied: condition 1: the body carries 2 accumulators, and this rule recombines one	renderer/layout/update.wf:2302	restack_block	3	for (at_entry in from..end) {	denied: condition 1: the body carries 2 accumulators, and this rule recombines one
Paged function scope	signature owns Paged: Context	same function/header	still denied	renderer/layout/update.wf:2346	update_atomics_in	1	for (k in from..end) {	denied: condition 1: the loop writes storage outliving the iteration that no exactly associative operation reduces, at set counted = add_counts(first: counted, second: got);	renderer/layout/update.wf:2346	update_atomics_in	1	for (k in from..end) {	denied: condition 1: the loop writes storage outliving the iteration that no exactly associative operation reduces, at set counted = add_counts(first: counted, second: got);
Paged function scope	signature owns Paged: Context	same function/header	still denied	renderer/layout/update.wf:2358	update_atomics_in	2	for (m in 0_u64..marks) {	denied: condition 1: the loop writes storage outliving the iteration that no exactly associative operation reduces, at set counted = add_counts(first: counted, second: got);	renderer/layout/update.wf:2358	update_atomics_in	2	for (m in 0_u64..marks) {	denied: condition 1: the loop writes storage outliving the iteration that no exactly associative operation reduces, at set counted = add_counts(first: counted, second: got);
